source_record_id,dataset_id,source_ordinal,name,location_raw,management_category,agency_raw,structure_raw,length_raw,width_raw,height_raw,latitude,longitude,driver,gauge_station_id,status,source_date,source_updated_at,source_url,source_attributes_json
15124755:516,15124755,516,단양지하차도,충청북도 단양군,공공,,"형식 : 박스형 / 연장 : 120.0 m, 차로수 : 4",,,,,,unverified,,CATALOG_ONLY,20230930,2025-11-18,https://data.go.kr/data/15124755/fileData.do,"{""순번(No)"": ""516"", ""시설물명"": ""단양지하차도"", ""시설물구분"": ""터널"", ""시설물종류"": ""지하차도"", ""종별"": ""2종"", ""관리주체구분"": ""공공"", ""항목명"": ""형식 : 박스형 / 연장 : 120.0 m, 차로수 : 4"", ""위치"": ""충청북도 단양군""}"
15124755:517,15124755,517,고명지하차도,충청북도 제천시,공공,,"형식 : 박스형 / 연장 : 168.0 m, 차로수 : 4",,,,,,unverified,,CATALOG_ONLY,20230930,2025-11-18,https://data.go.kr/data/15124755/fileData.do,"{""순번(No)"": ""517"", ""시설물명"": ""고명지하차도"", ""시설물구분"": ""터널"", ""시설물종류"": ""지하차도"", ""종별"": ""2종"", ""관리주체구분"": ""공공"", ""항목명"": ""형식 : 박스형 / 연장 : 168.0 m, 차로수 : 4"", ""위치"": ""충청북도 제천시""}"
15124755:518,15124755,518,궁평2지하차도,충청북도 청주시,공공,,"형식 : 박스형 / 연장 : 430.0 m, 차로수 : 4",,,,,,unverified,,CATALOG_ONLY,20230930,2025-11-18,https://data.go.kr/data/15124755/fileData.do,"{""순번(No)"": ""518"", ""시설물명"": ""궁평2지하차도"", ""시설물구분"": ""터널"", ""시설물종류"": ""지하차도"", ""종별"": ""2종"", ""관리주체구분"": ""공공"", ""항목명"": ""형식 : 박스형 / 연장 : 430.0 m, 차로수 : 4"", ""위치"": ""충청북도 청주시""}"
15124755:519,15124755,519,오송바이오폴리스지하차도,충청북도 청주시,공공,,"형식 : 박스형 / 연장 : 455.0 m, 차로수 : 6",,,,,,unverified,,CATALOG_ONLY,20230930,2025-11-18,https://data.go.kr/data/15124755/fileData.do,"{""순번(No)"": ""519"", ""시설물명"": ""오송바이오폴리스지하차도"", ""시설물구분"": ""터널"", ""시설물종류"": ""지하차도"", ""종별"": ""2종"", ""관리주체구분"": ""공공"", ""항목명"": ""형식 : 박스형 / 연장 : 455.0 m, 차로수 : 6"", ""위치"": ""충청북도 청주시""}"
15124755:520,15124755,520,오창지하차도,충청북도 청주시,공공,,"형식 : 박스형 / 연장 : 260.0 m, 차로수 : 4",,,,,,unverified,,CATALOG_ONLY,20230930,2025-11-18,https://data.go.kr/data/15124755/fileData.do,"{""순번(No)"": ""520"", ""시설물명"": ""오창지하차도"", ""시설물구분"": ""터널"", ""시설물종류"": ""지하차도"", ""종별"": ""2종"", ""관리주체구분"": ""공공"", ""항목명"": ""형식 : 박스형 / 연장 : 260.0 m, 차로수 : 4"", ""위치"": ""충청북도 청주시""}"
15124755:521,15124755,521,용암지하차도,충청북도 청주시,공공,,"형식 : 박스형 / 연장 : 470.0 m, 차로수 : 4",,,,,,unverified,,CATALOG_ONLY,20230930,2025-11-18,https://data.go.kr/data/15124755/fileData.do,"{""순번(No)"": ""521"", ""시설물명"": ""용암지하차도"", ""시설물구분"": ""터널"", ""시설물종류"": ""지하차도"", ""종별"": ""2종"", ""관리주체구분"": ""공공"", ""항목명"": ""형식 : 박스형 / 연장 : 470.0 m, 차로수 : 4"", ""위치"": ""충청북도 청주시""}"
15124755:522,15124755,522,터미널 지하차도,충청북도 청주시,공공,,"형식 : 박스형 / 연장 : 480.0 m, 차로수 : 4",,,,,,unverified,,CATALOG_ONLY,20230930,2025-11-18,https://data.go.kr/data/15124755/fileData.do,"{""순번(No)"": ""522"", ""시설물명"": ""터미널 지하차도"", ""시설물구분"": ""터널"", ""시설물종류"": ""지하차도"", ""종별"": ""2종"", ""관리주체구분"": ""공공"", ""항목명"": ""형식 : 박스형 / 연장 : 480.0 m, 차로수 : 4"", ""위치"": ""충청북도 청주시""}"
15124755:523,15124755,523,학평지하차도,충청북도 청주시,공공,,"형식 : 박스형 / 연장 : 155.0 m, 차로수 : 4",,,,,,unverified,,CATALOG_ONLY,20230930,2025-11-18,https://data.go.kr/data/15124755/fileData.do,"{""순번(No)"": ""523"", ""시설물명"": ""학평지하차도"", ""시설물구분"": ""터널"", ""시설물종류"": ""지하차도"", ""종별"": ""2종"", ""관리주체구분"": ""공공"", ""항목명"": ""형식 : 박스형 / 연장 : 155.0 m, 차로수 : 4"", ""위치"": ""충청북도 청주시""}"
15124755:915,15124755,915,각계지하도(복),충청북도 영동군,공공,,"형식 : 박스형 / 연장 : 7.0 m, 차로수 : 2",,,,,,unverified,,CATALOG_ONLY,20230930,2025-11-18,https://data.go.kr/data/15124755/fileData.do,"{""순번(No)"": ""915"", ""시설물명"": ""각계지하도(복)"", ""시설물구분"": ""터널"", ""시설물종류"": ""지하차도"", ""종별"": ""3종"", ""관리주체구분"": ""공공"", ""항목명"": ""형식 : 박스형 / 연장 : 7.0 m, 차로수 : 2"", ""위치"": ""충청북도 영동군""}"
15124755:916,15124755,916,계룡지하차도(복),충청북도 영동군,공공,,"형식 : 박스형 / 연장 : 11.1 m, 차로수 : 2",,,,,,unverified,,CATALOG_ONLY,20230930,2025-11-18,https://data.go.kr/data/15124755/fileData.do,"{""순번(No)"": ""916"", ""시설물명"": ""계룡지하차도(복)"", ""시설물구분"": ""터널"", ""시설물종류"": ""지하차도"", ""종별"": ""3종"", ""관리주체구분"": ""공공"", ""항목명"": ""형식 : 박스형 / 연장 : 11.1 m, 차로수 : 2"", ""위치"": ""충청북도 영동군""}"
15124755:917,15124755,917,관리지하차도(복),충청북도 영동군,공공,,"형식 : 박스형 / 연장 : 11.1 m, 차로수 : 2",,,,,,unverified,,CATALOG_ONLY,20230930,2025-11-18,https://data.go.kr/data/15124755/fileData.do,"{""순번(No)"": ""917"", ""시설물명"": ""관리지하차도(복)"", ""시설물구분"": ""터널"", ""시설물종류"": ""지하차도"", ""종별"": ""3종"", ""관리주체구분"": ""공공"", ""항목명"": ""형식 : 박스형 / 연장 : 11.1 m, 차로수 : 2"", ""위치"": ""충청북도 영동군""}"
15124755:918,15124755,918,대평지하차도(복),충청북도 영동군,공공,,"형식 : 박스형 / 연장 : 11.1 m, 차로수 : 2",,,,,,unverified,,CATALOG_ONLY,20230930,2025-11-18,https://data.go.kr/data/15124755/fileData.do,"{""순번(No)"": ""918"", ""시설물명"": ""대평지하차도(복)"", ""시설물구분"": ""터널"", ""시설물종류"": ""지하차도"", ""종별"": ""3종"", ""관리주체구분"": ""공공"", ""항목명"": ""형식 : 박스형 / 연장 : 11.1 m, 차로수 : 2"", ""위치"": ""충청북도 영동군""}"
15124755:919,15124755,919,사부리지하도(복),충청북도 영동군,공공,,"형식 : 박스형 / 연장 : 9.0 m, 차로수 : 2",,,,,,unverified,,CATALOG_ONLY,20230930,2025-11-18,https://data.go.kr/data/15124755/fileData.do,"{""순번(No)"": ""919"", ""시설물명"": ""사부리지하도(복)"", ""시설물구분"": ""터널"", ""시설물종류"": ""지하차도"", ""종별"": ""3종"", ""관리주체구분"": ""공공"", ""항목명"": ""형식 : 박스형 / 연장 : 9.0 m, 차로수 : 2"", ""위치"": ""충청북도 영동군""}"
15124755:920,15124755,920,송천가도교(복),충청북도 영동군,공공,,"형식 : 박스형 / 연장 : 8.0 m, 차로수 : 2",,,,,,unverified,,CATALOG_ONLY,20230930,2025-11-18,https://data.go.kr/data/15124755/fileData.do,"{""순번(No)"": ""920"", ""시설물명"": ""송천가도교(복)"", ""시설물구분"": ""터널"", ""시설물종류"": ""지하차도"", ""종별"": ""3종"", ""관리주체구분"": ""공공"", ""항목명"": ""형식 : 박스형 / 연장 : 8.0 m, 차로수 : 2"", ""위치"": ""충청북도 영동군""}"
15124755:921,15124755,921,심곡지하차도(복),충청북도 영동군,공공,,"형식 : 박스형 / 연장 : 11.1 m, 차로수 : 2",,,,,,unverified,,CATALOG_ONLY,20230930,2025-11-18,https://data.go.kr/data/15124755/fileData.do,"{""순번(No)"": ""921"", ""시설물명"": ""심곡지하차도(복)"", ""시설물구분"": ""터널"", ""시설물종류"": ""지하차도"", ""종별"": ""3종"", ""관리주체구분"": ""공공"", ""항목명"": ""형식 : 박스형 / 연장 : 11.1 m, 차로수 : 2"", ""위치"": ""충청북도 영동군""}"
15124755:922,15124755,922,용당지하차도(복),충청북도 영동군,공공,,"형식 : 박스형 / 연장 : 12.2 m, 차로수 : 2",,,,,,unverified,,CATALOG_ONLY,20230930,2025-11-18,https://data.go.kr/data/15124755/fileData.do,"{""순번(No)"": ""922"", ""시설물명"": ""용당지하차도(복)"", ""시설물구분"": ""터널"", ""시설물종류"": ""지하차도"", ""종별"": ""3종"", ""관리주체구분"": ""공공"", ""항목명"": ""형식 : 박스형 / 연장 : 12.2 m, 차로수 : 2"", ""위치"": ""충청북도 영동군""}"
15124755:923,15124755,923,가화지하도,충청북도 옥천군,공공,,"형식 : 박스형 / 연장 : 65.0 m, 차로수 : 2",,,,,,unverified,,CATALOG_ONLY,20230930,2025-11-18,https://data.go.kr/data/15124755/fileData.do,"{""순번(No)"": ""923"", ""시설물명"": ""가화지하도"", ""시설물구분"": ""터널"", ""시설물종류"": ""지하차도"", ""종별"": ""3종"", ""관리주체구분"": ""공공"", ""항목명"": ""형식 : 박스형 / 연장 : 65.0 m, 차로수 : 2"", ""위치"": ""충청북도 옥천군""}"
15124755:924,15124755,924,강청지하도(복),충청북도 옥천군,공공,,"형식 : 박스형 / 연장 : 12.0 m, 차로수 : 2",,,,,,unverified,,CATALOG_ONLY,20230930,2025-11-18,https://data.go.kr/data/15124755/fileData.do,"{""순번(No)"": ""924"", ""시설물명"": ""강청지하도(복)"", ""시설물구분"": ""터널"", ""시설물종류"": ""지하차도"", ""종별"": ""3종"", ""관리주체구분"": ""공공"", ""항목명"": ""형식 : 박스형 / 연장 : 12.0 m, 차로수 : 2"", ""위치"": ""충청북도 옥천군""}"
15124755:925,15124755,925,소정지하도(복),충청북도 옥천군,공공,,"형식 : 박스형 / 연장 : 11.0 m, 차로수 : 2",,,,,,unverified,,CATALOG_ONLY,20230930,2025-11-18,https://data.go.kr/data/15124755/fileData.do,"{""순번(No)"": ""925"", ""시설물명"": ""소정지하도(복)"", ""시설물구분"": ""터널"", ""시설물종류"": ""지하차도"", ""종별"": ""3종"", ""관리주체구분"": ""공공"", ""항목명"": ""형식 : 박스형 / 연장 : 11.0 m, 차로수 : 2"", ""위치"": ""충청북도 옥천군""}"
15124755:926,15124755,926,신흥지하도(복),충청북도 옥천군,공공,,"형식 : 미등록 / 연장 : 9.8 m, 차로수 : 2",,,,,,unverified,,CATALOG_ONLY,20230930,2025-11-18,https://data.go.kr/data/15124755/fileData.do,"{""순번(No)"": ""926"", ""시설물명"": ""신흥지하도(복)"", ""시설물구분"": ""터널"", ""시설물종류"": ""지하차도"", ""종별"": ""3종"", ""관리주체구분"": ""공공"", ""항목명"": ""형식 : 미등록 / 연장 : 9.8 m, 차로수 : 2"", ""위치"": ""충청북도 옥천군""}"
15124755:927,15124755,927,지탄리통로박스(복),충청북도 옥천군,공공,,"형식 : 박스형 / 연장 : 8.0 m, 차로수 : 2",,,,,,unverified,,CATALOG_ONLY,20230930,2025-11-18,https://data.go.kr/data/15124755/fileData.do,"{""순번(No)"": ""927"", ""시설물명"": ""지탄리통로박스(복)"", ""시설물구분"": ""터널"", ""시설물종류"": ""지하차도"", ""종별"": ""3종"", ""관리주체구분"": ""공공"", ""항목명"": ""형식 : 박스형 / 연장 : 8.0 m, 차로수 : 2"", ""위치"": ""충청북도 옥천군""}"
15124755:928,15124755,928,현리지하도(복),충청북도 옥천군,공공,,"형식 : 박스형 / 연장 : 6.0 m, 차로수 : 2",,,,,,unverified,,CATALOG_ONLY,20230930,2025-11-18,https://data.go.kr/data/15124755/fileData.do,"{""순번(No)"": ""928"", ""시설물명"": ""현리지하도(복)"", ""시설물구분"": ""터널"", ""시설물종류"": ""지하차도"", ""종별"": ""3종"", ""관리주체구분"": ""공공"", ""항목명"": ""형식 : 박스형 / 연장 : 6.0 m, 차로수 : 2"", ""위치"": ""충청북도 옥천군""}"
15124755:929,15124755,929,마송지하도(복),충청북도 음성군,공공,,"형식 : 박스형 / 연장 : 40.0 m, 차로수 : 2",,,,,,unverified,,CATALOG_ONLY,20230930,2025-11-18,https://data.go.kr/data/15124755/fileData.do,"{""순번(No)"": ""929"", ""시설물명"": ""마송지하도(복)"", ""시설물구분"": ""터널"", ""시설물종류"": ""지하차도"", ""종별"": ""3종"", ""관리주체구분"": ""공공"", ""항목명"": ""형식 : 박스형 / 연장 : 40.0 m, 차로수 : 2"", ""위치"": ""충청북도 음성군""}"
15124755:930,15124755,930,마송지하차도,충청북도 음성군,공공,,"형식 : 박스형 / 연장 : 29.0 m, 차로수 : 2",,,,,,unverified,,CATALOG_ONLY,20230930,2025-11-18,https://data.go.kr/data/15124755/fileData.do,"{""순번(No)"": ""930"", ""시설물명"": ""마송지하차도"", ""시설물구분"": ""터널"", ""시설물종류"": ""지하차도"", ""종별"": ""3종"", ""관리주체구분"": ""공공"", ""항목명"": ""형식 : 박스형 / 연장 : 29.0 m, 차로수 : 2"", ""위치"": ""충청북도 음성군""}"
15124755:931,15124755,931,상노리지하도(복),충청북도 음성군,공공,,"형식 : 박스형 / 연장 : 23.6 m, 차로수 : 2",,,,,,unverified,,CATALOG_ONLY,20230930,2025-11-18,https://data.go.kr/data/15124755/fileData.do,"{""순번(No)"": ""931"", ""시설물명"": ""상노리지하도(복)"", ""시설물구분"": ""터널"", ""시설물종류"": ""지하차도"", ""종별"": ""3종"", ""관리주체구분"": ""공공"", ""항목명"": ""형식 : 박스형 / 연장 : 23.6 m, 차로수 : 2"", ""위치"": ""충청북도 음성군""}"
15124755:932,15124755,932,영천지하차도,충청북도 제천시,공공,,"형식 : 박스형 / 연장 : 80.2 m, 차로수 : 4",,,,,,unverified,,CATALOG_ONLY,20230930,2025-11-18,https://data.go.kr/data/15124755/fileData.do,"{""순번(No)"": ""932"", ""시설물명"": ""영천지하차도"", ""시설물구분"": ""터널"", ""시설물종류"": ""지하차도"", ""종별"": ""3종"", ""관리주체구분"": ""공공"", ""항목명"": ""형식 : 박스형 / 연장 : 80.2 m, 차로수 : 4"", ""위치"": ""충청북도 제천시""}"
15124755:933,15124755,933,궁평지하차도,충청북도 청주시,공공,,"형식 : 미등록 / 연장 : 80.0 m, 차로수 : 6",,,,,,unverified,,CATALOG_ONLY,20230930,2025-11-18,https://data.go.kr/data/15124755/fileData.do,"{""순번(No)"": ""933"", ""시설물명"": ""궁평지하차도"", ""시설물구분"": ""터널"", ""시설물종류"": ""지하차도"", ""종별"": ""3종"", ""관리주체구분"": ""공공"", ""항목명"": ""형식 : 미등록 / 연장 : 80.0 m, 차로수 : 6"", ""위치"": ""충청북도 청주시""}"
15124755:934,15124755,934,매봉지하차도(하행),충청북도 청주시,공공,,"형식 : 미등록 / 연장 : 96.0 m, 차로수 : 2",,,,,,unverified,,CATALOG_ONLY,20230930,2025-11-18,https://data.go.kr/data/15124755/fileData.do,"{""순번(No)"": ""934"", ""시설물명"": ""매봉지하차도(하행)"", ""시설물구분"": ""터널"", ""시설물종류"": ""지하차도"", ""종별"": ""3종"", ""관리주체구분"": ""공공"", ""항목명"": ""형식 : 미등록 / 연장 : 96.0 m, 차로수 : 2"", ""위치"": ""충청북도 청주시""}"
15124755:935,15124755,935,묵방지하차도,충청북도 청주시,공공,,"형식 : 박스형 / 연장 : 45.0 m, 차로수 : 1",,,,,,unverified,,CATALOG_ONLY,20230930,2025-11-18,https://data.go.kr/data/15124755/fileData.do,"{""순번(No)"": ""935"", ""시설물명"": ""묵방지하차도"", ""시설물구분"": ""터널"", ""시설물종류"": ""지하차도"", ""종별"": ""3종"", ""관리주체구분"": ""공공"", ""항목명"": ""형식 : 박스형 / 연장 : 45.0 m, 차로수 : 1"", ""위치"": ""충청북도 청주시""}"
15124755:936,15124755,936,오송지하도(복),충청북도 청주시,공공,,"형식 : 박스형 / 연장 : 28.0 m, 차로수 : 2",,,,,,unverified,,CATALOG_ONLY,20230930,2025-11-18,https://data.go.kr/data/15124755/fileData.do,"{""순번(No)"": ""936"", ""시설물명"": ""오송지하도(복)"", ""시설물구분"": ""터널"", ""시설물종류"": ""지하차도"", ""종별"": ""3종"", ""관리주체구분"": ""공공"", ""항목명"": ""형식 : 박스형 / 연장 : 28.0 m, 차로수 : 2"", ""위치"": ""충청북도 청주시""}"
15124755:937,15124755,937,오창지하차도,충청북도 청주시,공공,,"형식 : 박스형 / 연장 : 97.0 m, 차로수 : 4",,,,,,unverified,,CATALOG_ONLY,20230930,2025-11-18,https://data.go.kr/data/15124755/fileData.do,"{""순번(No)"": ""937"", ""시설물명"": ""오창지하차도"", ""시설물구분"": ""터널"", ""시설물종류"": ""지하차도"", ""종별"": ""3종"", ""관리주체구분"": ""공공"", ""항목명"": ""형식 : 박스형 / 연장 : 97.0 m, 차로수 : 4"", ""위치"": ""충청북도 청주시""}"
15124755:938,15124755,938,달천지하차도,충청북도 충주시,공공,,"형식 : 박스형 / 연장 : 34.0 m, 차로수 : 1",,,,,,unverified,,CATALOG_ONLY,20230930,2025-11-18,https://data.go.kr/data/15124755/fileData.do,"{""순번(No)"": ""938"", ""시설물명"": ""달천지하차도"", ""시설물구분"": ""터널"", ""시설물종류"": ""지하차도"", ""종별"": ""3종"", ""관리주체구분"": ""공공"", ""항목명"": ""형식 : 박스형 / 연장 : 34.0 m, 차로수 : 1"", ""위치"": ""충청북도 충주시""}"
