molit_no,name,sido,sgg,grade,management,structure,latitude,longitude,match_status,osm_way_ids,osm_candidates
1,원당지하차도,경기도,고양시,1종,공공,"형식 : 박스형 / 연장 : 960.0 m, 차로수 : 4",37.655094,126.834868,matched,289002872;1499099169,2
2,남태령지하차도,경기도,과천시,1종,공공,"형식 : 박스형 / 연장 : 920.0 m, 차로수 : 4",,,unmatched,,0
3,복합물류지하차도(군포),경기도,군포시,1종,공공,"형식 : BOX+ARCH / 연장 : 840.0 m, 차로수 : 4",37.33054,126.949239,matched,488669076,1
4,운양지하차도,경기도,김포시,1종,공공,"형식 : 박스형 / 연장 : 2,722.0 m, 차로수 : 6",,,unmatched,,0
5,장기지하차도1,경기도,김포시,1종,공공,"형식 : 박스형 / 연장 : 999.0 m, 차로수 : 4",,,unmatched,,0
6,장기지하차도2,경기도,김포시,1종,공공,"형식 : 박스형 / 연장 : 1,220.0 m, 차로수 : 4",,,unmatched,,0
7,송내지하차도,경기도,부천시,1종,공공,"형식 : 미등록 / 연장 : 715.0 m, 차로수 : 6",,,unmatched,,0
8,광장지하차도,경기도,성남시,1종,공공,"형식 : 박스형 / 연장 : 1,842.1 m, 차로수 : 6",,,unmatched,,0
9,백현지하차도,경기도,성남시,1종,공공,"형식 : 박스형 / 연장 : 898.0 m, 차로수 : 4",,,unmatched,,0
10,화랑지하차도,경기도,성남시,1종,공공,"형식 : 박스형 / 연장 : 1,435.0 m, 차로수 : 6",37.398354,127.105168,matched,154281379,1
11,고색지하차도,경기도,수원시,1종,공공,"형식 : 박스형 / 연장 : 500.0 m, 차로수 : 4",37.249617,126.976486,matched,554656415;1212265740,2
12,망포지하차도,경기도,수원시,1종,공공,"형식 : 박스형 / 연장 : 871.0 m, 차로수 : 6",,,unmatched,,0
13,법원 지하차도,경기도,수원시,1종,공공,"형식 : 박스형 / 연장 : 608.8 m, 차로수 : 4",37.275293,127.049306,matched,171320983;171320987;171320990;1391375640;1473882145,5
14,상구운지하차도,경기도,수원시,1종,공공,"형식 : 박스형 / 연장 : 830.0 m, 차로수 : 4",37.284501,126.969339,matched,473237830;1015364877,2
15,세류지하차도,경기도,수원시,1종,공공,"형식 : 박스형 / 연장 : 620.0 m, 차로수 : 6",37.257116,127.005636,matched,392176062;501174079,2
16,효원지하차도,경기도,수원시,1종,공공,"형식 : 박스형 / 연장 : 840.0 m, 차로수 : 4",,,unmatched,,0
17,장현지하차도,경기도,시흥시,1종,공공,"형식 : 박스형 / 연장 : 1,040.0 m, 차로수 : 4",,,unmatched,,0
18,상현지하차도,경기도,용인시,1종,공공,"형식 : 박스형 / 연장 : 1,065.0 m, 차로수 : 4",37.30191,127.071804,matched,375709675;669512577;842289814,3
19,신대지하차도,경기도,용인시,1종,공공,"형식 : 박스형 / 연장 : 680.0 m, 차로수 : 4",,,unmatched,,0
20,죽전지하차도,경기도,용인시,1종,공공,"형식 : 박스형 / 연장 : 1,020.0 m, 차로수 : 4",37.324362,127.108918,matched,406000952,1
21,복합물류지하차도(의왕),경기도,의왕시,1종,공공,"형식 : BOX,ARCH / 연장 : 840.0 m, 차로수 : 4",37.33054,126.949239,matched,488669076,1
22,장암지하차도,경기도,의정부시,1종,공공,"형식 : 박스형 / 연장 : 720.0 m, 차로수 : 4",,,unmatched,,0
23,한길지하차도,경기도,파주시,1종,공공,"형식 : 박스형 / 연장 : 1,320.0 m, 차로수 : 4",,,unmatched,,0
24,중앙지하차도,경기도,평택시,1종,공공,"형식 : 박스형 / 연장 : 920.0 m, 차로수 : 4",,,unmatched,,2
25,금곡지하차도,경기도,화성시,1종,민간,"형식 : 라멘형 / 연장 : 3,125.0 m, 차로수 : 4",,,unmatched,,0
26,능동지하차도,경기도,화성시,1종,공공,"형식 : 박스형 / 연장 : 919.0 m, 차로수 : 2",,,unmatched,,0
27,동부대로3(보들)지하차도,경기도,화성시,1종,공공,"형식 : 2련BOX / 연장 : 1,065.0 m, 차로수 : 4",,,unmatched,,0
28,동부대로4(신리)지하차도,경기도,화성시,1종,공공,"형식 : 2련BOX / 연장 : 1,030.0 m, 차로수 : 4",37.184576,127.088217,matched,552438733;552438734,2
29,봉담지하차도,경기도,화성시,1종,공공,"형식 : 박스형 / 연장 : 1,340.0 m, 차로수 : 4",37.219652,126.948279,matched,795929274;795929275,2
30,용주1(화산1)지하차도,경기도,화성시,1종,공공,"형식 : 박스형 / 연장 : 920.0 m, 차로수 : 4",,,unmatched,,0
31,하길지하차도,경기도,화성시,1종,공공,"형식 : 박스형 / 연장 : 680.0 m, 차로수 : 6",,,unmatched,,0
32,하나지하차도,경기도,화성시,1종,공공,"형식 : 박스형 / 연장 : 500.0 m, 차로수 : 6",,,unmatched,,0
33,화산2(용주2)지하차도,경기도,화성시,1종,공공,"형식 : 박스형 / 연장 : 740.0 m, 차로수 : 5",37.206227,127.009125,matched,554656430;554656432,2
34,혁신지하차도1,경상북도,김천시,1종,공공,"형식 : 박스형 / 연장 : 738.0 m, 차로수 : 4",,,unmatched,,0
35,장수1지하차도,광주광역시,광산구,1종,공공,"형식 : 라멘형 / 연장 : 783.0 m, 차로수 : 6",,,unmatched,,0
36,서창지하차도,광주광역시,서구,1종,민간,"형식 : 라멘형 / 연장 : 640.0 m, 차로수 : 6",,,unmatched,,0
37,서변지하차도,대구광역시,북구,1종,공공,"형식 : 박스형 / 연장 : 966.5 m, 차로수 : 4",35.918399,128.599418,matched,55691905;549378834;549378835;549378837,4
38,장전지하차도,부산광역시,금정구,1종,공공,"형식 : 2련 BOX / 연장 : 1,000.0 m, 차로수 : 4",,,unmatched,,0
39,신선대지하차도,부산광역시,남구,1종,공공,"형식 : 박스형 / 연장 : 1,800.0 m, 차로수 : 4",,,unmatched,,0
40,감천지하차도,부산광역시,사하구,1종,민간,"형식 : 박스형 / 연장 : 964.0 m, 차로수 : 4",35.086377,128.997861,matched,680031471;680031472;795662494;795662495,4
41,부산센텀시티 지하차도,부산광역시,해운대구,1종,공공,"형식 : 박스형 / 연장 : 1,370.0 m, 차로수 : 6",,,unmatched,,0
42,위례터널,서울특별시,강남구,1종,공공,"형식 : 아치형/BOX타입 / 연장 : 2,362.0 m, 차로수 : 4",,,unmatched,,0
43,외발산지하차도,서울특별시,강서구,1종,공공,"형식 : 박스형 / 연장 : 1,015.0 m, 차로수 : 4",37.550435,126.817889,matched,219882855;219882857,2
44,금하지하차도,서울특별시,금천구,1종,공공,"형식 : 박스형 / 연장 : 1,259.0 m, 차로수 : 4",37.451007,126.893556,matched,760737012,1
45,도봉지하차도,서울특별시,노원구,1종,공공,"형식 : 박스형 / 연장 : 2,990.0 m, 차로수 : 3",,,unmatched,,0
46,위례중앙지하차도,서울특별시,송파구,1종,공공,"형식 : 아치형 / 연장 : 930.0 m, 차로수 : 4",,,unmatched,,0
47,경인1지하차도,서울특별시,양천구,1종,공공,"형식 : 박스형 / 연장 : 1,685.0 m, 차로수 : 4",,,unmatched,,0
48,서부트럭터미널앞 지하차도,서울특별시,양천구,1종,공공,"형식 : 박스형 / 연장 : 1,075.0 m, 차로수 : 4",,,unmatched,,0
49,미래지하차도(BRT지하차도),세종특별자치시,,1종,공공,"형식 : 박스형 / 연장 : 630.0 m, 차로수 : 2",36.47224,127.276094,matched,219071338,1
50,사오리지하차도,세종특별자치시,,1종,공공,"형식 : 박스형 / 연장 : 1,825.0 m, 차로수 : 6",36.484396,127.244235,matched,195046954;195046955,2
51,주추지하차도,세종특별자치시,,1종,공공,"형식 : 미등록 / 연장 : 2,803.0 m, 차로수 : 6",36.509383,127.241746,matched,195046927;195046928,2
52,대송지하차도,울산광역시,동구,1종,민간,"형식 : 박스형 / 연장 : 640.0 m, 차로수 : 4",,,unmatched,,0
53,루원지하차도,인천광역시,서구,1종,공공,"형식 : 박스형 / 연장 : 1,280.0 m, 차로수 : 4",,,unmatched,,0
54,중봉지하차도,인천광역시,서구,1종,공공,"형식 : 박스형 / 연장 : 1,932.3 m, 차로수 : 4",,,unmatched,,0
55,청라국제지하차도,인천광역시,서구,1종,민간,"형식 : 함형 / 연장 : 2,580.0 m, 차로수 : 6",,,unmatched,,0
56,두빛나래 지하차도,인천광역시,중구,1종,공공,"형식 : 박스형 / 연장 : 740.0 m, 차로수 : 6",,,unmatched,,0
57,서천도월지하차도,전라남도,광양시,1종,공공,"형식 : 박스형 / 연장 : 980.0 m, 차로수 : 4",34.958755,127.59498,matched,195761985;195761986,2
58,옥암지하차도,전라남도,목포시,1종,공공,"형식 : 박스형 / 연장 : 650.0 m, 차로수 : 4",34.813882,126.450629,matched,134622283;134622288,2
59,오룡지하차도,전라남도,무안군,1종,공공,"형식 : 박스형 / 연장 : 1,045.0 m, 차로수 : 4",34.814409,126.463042,matched,134622272;134622274,4
60,천안로 지하차도,충청남도,천안시,1종,공공,"형식 : 박스형 / 연장 : 700.0 m, 차로수 : 4",36.820607,127.163209,matched,479544489;479544492,2
61,내포지하차도,충청남도,홍성군,1종,공공,"형식 : 박스형 / 연장 : 930.0 m, 차로수 : 4",,,unmatched,,0
62,단계지하차도,강원특별자치도,원주시,2종,공공,"형식 : 박스형 / 연장 : 145.0 m, 차로수 : 4",37.34371,127.933298,matched,484952604;665500563,2
63,춘천역 지하차도,강원특별자치도,춘천시,2종,공공,"형식 : 박스형 / 연장 : 482.5 m, 차로수 : 4",,,unmatched,,0
64,절골지하차도,강원특별자치도,태백시,2종,공공,"형식 : 박스형 / 연장 : 375.0 m, 차로수 : 2",,,unmatched,,0
65,강매지하차도,경기도,고양시,2종,공공,"형식 : 미등록 / 연장 : 444.0 m, 차로수 : 6",,,unmatched,,0
66,강촌로지하차도,경기도,고양시,2종,공공,"형식 : 박스형 / 연장 : 270.0 m, 차로수 : 4",37.655201,126.796103,matched,975331198;1011608209,2
67,구산지하차도,경기도,고양시,2종,공공,"형식 : 박스형 / 연장 : 391.0 m, 차로수 : 1",37.683385,126.679569,matched,977494787;1435244684,2
68,내곡지하차도,경기도,고양시,2종,공공,"형식 : 박스형 / 연장 : 126.0 m, 차로수 : 4",37.641569,126.804219,matched,584334963,1
69,백마지하차도,경기도,고양시,2종,공공,"형식 : 박스형 / 연장 : 260.0 m, 차로수 : 4",37.660658,126.792172,matched,553901448;1498208649,2
70,법곳지하차도,경기도,고양시,2종,공공,"형식 : 박스형 / 연장 : 470.0 m, 차로수 : 6",,,unmatched,,0
71,벽제지하차도(문산),경기도,고양시,2종,민간,"형식 : 박스형 / 연장 : 160.0 m, 차로수 : 3",,,unmatched,,0
72,벽제지하차도(서울),경기도,고양시,2종,민간,"형식 : 박스형 / 연장 : 160.0 m, 차로수 : 3",,,unmatched,,0
73,서오릉지하차도,경기도,고양시,2종,공공,"형식 : 박스형 / 연장 : 388.0 m, 차로수 : 4",,,unmatched,,0
74,신원지하차도,경기도,고양시,2종,공공,"형식 : B-TYPE / 연장 : 466.0 m, 차로수 : 6",37.458434,127.044736,matched,376673523;376673525,2
75,신평IC지하차도,경기도,고양시,2종,공공,"형식 : 박스형 / 연장 : 100.0 m, 차로수 : 6",,,unmatched,,0
76,원흥지하차도,경기도,고양시,2종,공공,"형식 : 박스형 / 연장 : 441.0 m, 차로수 : 4",37.648072,126.872212,matched,547655571,1
77,일산지하차도,경기도,고양시,2종,공공,"형식 : 미등록 / 연장 : 350.0 m, 차로수 : 2",37.687228,126.761781,matched,289002878;1523862722,2
78,킨텍스 지하차도,경기도,고양시,2종,공공,"형식 : 박스형 / 연장 : 100.0 m, 차로수 : 9",37.667187,126.743819,matched,553804564;1215550592,2
79,풍산지하차도,경기도,고양시,2종,공공,"형식 : 박스형 / 연장 : 390.0 m, 차로수 : 4",37.672513,126.785273,matched,554023828;1498218990,2
80,한류월드IC지하차도,경기도,고양시,2종,공공,"형식 : 박스형 / 연장 : 100.0 m, 차로수 : 6",37.644641,126.749868,matched,501379363;501379365,2
81,행신지하차도(본체 및 종점부),경기도,고양시,2종,공공,"형식 : 박스형 / 연장 : 290.0 m, 차로수 : 6",37.616704,126.849532,matched,410745196;867699995,2
82,행신지하차도(시점부),경기도,고양시,2종,공공,"형식 : 미등록 / 연장 : 140.0 m, 차로수 : 6",37.616704,126.849532,matched,410745196;867699995,2
83,관문지하차도,경기도,과천시,2종,공공,"형식 : 박스형 / 연장 : 140.0 m, 차로수 : 4",,,unmatched,,0
84,매헌지하차도,경기도,과천시,2종,공공,"형식 : 박스형 / 연장 : 401.0 m, 차로수 : 5",,,unmatched,,0
85,상아벌지하차도,경기도,과천시,2종,공공,"형식 : 박스형 / 연장 : 280.0 m, 차로수 : 5",,,unmatched,,0
86,옥탑지하차도,경기도,과천시,2종,공공,"형식 : 아치형 / 연장 : 106.0 m, 차로수 : 7",,,unmatched,,0
87,찬우물지하차도,경기도,과천시,2종,공공,"형식 : 박스형 / 연장 : 188.0 m, 차로수 : 2",,,unmatched,,0
88,광명지하차도,경기도,광명시,2종,공공,"형식 : 박스형 / 연장 : 330.0 m, 차로수 : 4",,,unmatched,,0
89,능촌지하차도,경기도,광명시,2종,공공,"형식 : 박스형 / 연장 : 430.0 m, 차로수 : 4",37.441824,126.846987,matched,313499464,1
90,덕안터널,경기도,광명시,2종,공공,"형식 : 박스형 / 연장 : 366.6 m, 차로수 : 6",,,unmatched,,0
91,소하지하차도,경기도,광명시,2종,민간,"형식 : 박스형 / 연장 : 398.0 m, 차로수 : 4",,,unmatched,,0
92,하안지하차도,경기도,광명시,2종,공공,"형식 : 박스형 / 연장 : 115.0 m, 차로수 : 4",,,unmatched,,0
93,갈매지하차도,경기도,구리시,2종,공공,"형식 : 박스형 / 연장 : 475.0 m, 차로수 : 4",37.62006,127.113327,matched,558278111;558278117,2
94,갈매지하차도,경기도,구리시,2종,민간,"형식 : 박스형 / 연장 : 100.0 m, 차로수 : 8",37.62006,127.113327,matched,558278111;558278117,2
95,담터지하차도,경기도,구리시,2종,공공,"형식 : 박스형 / 연장 : 429.0 m, 차로수 : 4",,,unmatched,,0
96,당말지하차도,경기도,군포시,2종,공공,"형식 : 박스형 / 연장 : 148.0 m, 차로수 : 4",37.355641,126.942969,matched,280523182,1
97,당정지하차도,경기도,군포시,2종,공공,"형식 : 박스형 / 연장 : 182.0 m, 차로수 : 4",37.34602,126.948399,matched,156206630,1
98,대야지하차도,경기도,군포시,2종,공공,"형식 : 박스형 / 연장 : 101.3 m, 차로수 : 4",37.332718,126.926863,matched,499418805,1
99,도랫말지하차도,경기도,군포시,2종,공공,"형식 : 박스형 / 연장 : 138.0 m, 차로수 : 4",,,unmatched,,0
100,나진지하차도,경기도,김포시,2종,공공,"형식 : 박스형 / 연장 : 366.0 m, 차로수 : 1",,,unmatched,,0
101,마송지하차도,경기도,김포시,2종,공공,"형식 : 박스형 / 연장 : 156.5 m, 차로수 : 4",37.687384,126.602875,matched,485959465;1159982021,2
102,운양2지하차도,경기도,김포시,2종,공공,"형식 : 2련box,라멘구조 / 연장 : 132.0 m, 차로수 : 6",,,unmatched,,0
103,덕송지하차도,경기도,남양주시,2종,공공,"형식 : Box / 연장 : 400.0 m, 차로수 : 4",37.662441,127.12264,matched,280963351;620207340,2
104,돌팍지하차도,경기도,남양주시,2종,공공,"형식 : 박스형 / 연장 : 160.0 m, 차로수 : 4",37.638415,127.231305,matched,170321695,1
105,동연평지하차도,경기도,남양주시,2종,공공,"형식 : 박스형 / 연장 : 640.0 m, 차로수 : 4",,,unmatched,,0
106,별내지하차도,경기도,남양주시,2종,공공,"형식 : 박스형 / 연장 : 495.0 m, 차로수 : 4",,,unmatched,,0
107,용신지하차도,경기도,남양주시,2종,공공,"형식 : 박스형 / 연장 : 620.0 m, 차로수 : 4",,,unmatched,,0
108,용정2교(지하차도),경기도,남양주시,2종,공공,"형식 : 박스형 / 연장 : 100.0 m, 차로수 : 2",,,unmatched,,0
109,호평지하차도,경기도,남양주시,2종,공공,"형식 : 박스형 / 연장 : 240.0 m, 차로수 : 4",,,unmatched,,0
110,화접지하차도,경기도,남양주시,2종,공공,"형식 : 박스형 / 연장 : 560.0 m, 차로수 : 4",,,unmatched,,0
111,고강지하차도,경기도,부천시,2종,공공,"형식 : 박스형 / 연장 : 490.0 m, 차로수 : 6",,,unmatched,,0
112,당아래지하차도,경기도,부천시,2종,공공,"형식 : 박스형 / 연장 : 140.0 m, 차로수 : 6",,,unmatched,,0
113,동남지하차도,경기도,부천시,2종,공공,"형식 : 박스형 / 연장 : 460.0 m, 차로수 : 4",,,unmatched,,0
114,상동지하차도,경기도,부천시,2종,공공,"형식 : 박스형 / 연장 : 235.3 m, 차로수 : 4",37.506101,126.748173,matched,71499951;1339858908,2
115,금곡IC지하차도,경기도,성남시,2종,공공,"형식 : 박스형 / 연장 : 170.0 m, 차로수 : 2",,,unmatched,,0
116,낙생지하차도,경기도,성남시,2종,공공,"형식 : 박스형 / 연장 : 120.0 m, 차로수 : 4",37.391823,127.109664,matched,277594048,1
117,낙원지하차도,경기도,성남시,2종,공공,"형식 : 박스형 / 연장 : 225.0 m, 차로수 : 10",37.390942,127.101952,matched,154281422;154281424;154281431,3
118,대원지하차도,경기도,성남시,2종,공공,"형식 : 박스형 / 연장 : 380.0 m, 차로수 : 4",,,unmatched,,0
119,도촌지하차도,경기도,성남시,2종,공공,"형식 : 2-Arch / 연장 : 100.0 m, 차로수 : 4",37.417729,127.148436,matched,428640085,1
120,돌마지하차도,경기도,성남시,2종,공공,"형식 : 박스형 / 연장 : 117.0 m, 차로수 : 4",37.377377,127.133187,matched,435424526,1
121,동막지하차도,경기도,성남시,2종,공공,"형식 : 박스형 / 연장 : 128.0 m, 차로수 : 2",,,unmatched,,0
122,두밀지하차도,경기도,성남시,2종,공공,"형식 : 박스형 / 연장 : 278.0 m, 차로수 : 4",,,unmatched,,0
123,매송지하차도,경기도,성남시,2종,공공,"형식 : 박스형 / 연장 : 101.0 m, 차로수 : 6",,,unmatched,,0
124,백현우회지하차도,경기도,성남시,2종,공공,"형식 : 박스형 / 연장 : 230.0 m, 차로수 : 2",37.383895,127.113025,matched,277601509,1
125,사송지하차도,경기도,성남시,2종,공공,"형식 : 박스형 / 연장 : 150.0 m, 차로수 : 8",,,unmatched,,0
126,삼평지하차도,경기도,성남시,2종,공공,"형식 : 박스형 / 연장 : 250.0 m, 차로수 : 2",,,unmatched,,0
127,수내지하차도,경기도,성남시,2종,공공,"형식 : 박스형 / 연장 : 111.0 m, 차로수 : 4",37.370155,127.123141,matched,435423814,1
128,시흥지하차도,경기도,성남시,2종,공공,"형식 : 박스형 / 연장 : 210.0 m, 차로수 : 6",,,unmatched,,0
129,여수지하차도,경기도,성남시,2종,민간,"형식 : 박스형 / 연장 : 121.0 m, 차로수 : 4",37.421978,127.130217,matched,566536323;1125785328,2
130,여수지하차도(상행),경기도,성남시,2종,공공,"형식 : RC BOX, RC U-TYPE / 연장 : 380.0 m, 차로수 : 3",37.421978,127.130217,matched,566536323;1125785328,2
131,여수지하차도(하행),경기도,성남시,2종,공공,"형식 : RC BOX, RC U-TYPE / 연장 : 380.0 m, 차로수 : 3",37.421978,127.130217,matched,566536323;1125785328,2
132,이매지하차도,경기도,성남시,2종,공공,"형식 : 박스형 / 연장 : 101.0 m, 차로수 : 6",37.386187,127.126863,matched,431940472,1
133,정자지하차도,경기도,성남시,2종,공공,"형식 : 박스형 / 연장 : 477.5 m, 차로수 : 4",,,unmatched,,0
134,판교IC지하차도,경기도,성남시,2종,공공,"형식 : 박스형 / 연장 : 281.3 m, 차로수 : 2",,,unmatched,,0
135,하산운지하차도,경기도,성남시,2종,공공,"형식 : 박스형 / 연장 : 320.0 m, 차로수 : 6",,,unmatched,,0
136,하탑지하차도,경기도,성남시,2종,공공,"형식 : 박스형 / 연장 : 101.0 m, 차로수 : 6",37.405409,127.128666,matched,431929703;1498162853,2
137,광교중앙(아주대)역 환승센터 지하차도,경기도,수원시,2종,공공,"형식 : 박스형 / 연장 : 498.5 m, 차로수 : 4",,,unmatched,,0
138,권선지하차도,경기도,수원시,2종,공공,"형식 : 박스형 / 연장 : 498.0 m, 차로수 : 4",,,unmatched,,0
139,동수원IC 지하차도,경기도,수원시,2종,공공,"형식 : 박스형 / 연장 : 160.0 m, 차로수 : 4",,,unmatched,,0
140,동역 지하차도,경기도,수원시,2종,민간,"형식 : 박스형 / 연장 : 245.0 m, 차로수 : 6",,,unmatched,,0
141,매여울지하차도,경기도,수원시,2종,공공,"형식 : 박스형 / 연장 : 120.0 m, 차로수 : 4",37.258254,127.047785,matched,554902906,1
142,밤밭지하차도,경기도,수원시,2종,공공,"형식 : 박스형 / 연장 : 100.0 m, 차로수 : 4",37.300545,126.972695,matched,102532346;600317493,2
143,서둔지하차도,경기도,수원시,2종,공공,"형식 : 박스형 / 연장 : 305.0 m, 차로수 : 4",37.270204,126.994071,matched,494317218,1
144,성대역지하차도,경기도,수원시,2종,공공,"형식 : 박스형 / 연장 : 120.0 m, 차로수 : 2",37.299639,126.972432,matched,70081324,1
145,세평지하차도,경기도,수원시,2종,공공,"형식 : 박스형 / 연장 : 190.0 m, 차로수 : 4",37.261927,127.002964,matched,106520488;589958519;589958520;1499599353;1499599354;1499599358,6
146,신대 지하차도,경기도,수원시,2종,민간,"형식 : 박스형 / 연장 : 495.0 m, 차로수 : 6",,,unmatched,,0
147,여수내 지하차도,경기도,수원시,2종,민간,"형식 : 박스형 / 연장 : 255.0 m, 차로수 : 6",,,unmatched,,0
148,오목천지하차도,경기도,수원시,2종,공공,"형식 : 미등록 / 연장 : 430.0 m, 차로수 : 4",,,unmatched,,0
149,원천(원천교차로)지하차도,경기도,수원시,2종,공공,"형식 : 박스형 / 연장 : 465.0 m, 차로수 : 4",37.270725,127.06214,matched,491449601;491449607,2
150,일월지하차도,경기도,수원시,2종,공공,"형식 : U-TYPE+BOX / 연장 : 495.0 m, 차로수 : 4",37.28044,126.969182,matched,495355262;741417007,2
151,장안지하차도,경기도,수원시,2종,공공,"형식 : 박스형 / 연장 : 240.0 m, 차로수 : 4",37.301573,127.009137,matched,554643989;554643991,2
152,정천지하차도,경기도,수원시,2종,공공,"형식 : 박스형 / 연장 : 150.2 m, 차로수 : 4",37.290861,126.984576,matched,102441024,1
153,창룡문 지하차도,경기도,수원시,2종,공공,"형식 : 박스형 / 연장 : 482.0 m, 차로수 : 4",37.289194,127.025045,matched,554639946;554639949,2
154,호곳말통로,경기도,수원시,2종,공공,"형식 : 박스형 / 연장 : 400.5 m, 차로수 : 6",,,unmatched,,0
155,호매실지하차도,경기도,수원시,2종,공공,"형식 : 박스형 / 연장 : 452.0 m, 차로수 : 4",37.261541,126.957141,matched,478557065;1015364895,2
156,화서지하차도,경기도,수원시,2종,공공,"형식 : 박스형 / 연장 : 256.0 m, 차로수 : 6",37.274853,126.995007,matched,102532353,1
157,능골지하차도(상행),경기도,시흥시,2종,공공,"형식 : 박스형 / 연장 : 110.0 m, 차로수 : 2",,,unmatched,,0
158,능골지하차도(하행),경기도,시흥시,2종,공공,"형식 : 박스형 / 연장 : 110.0 m, 차로수 : 2",,,unmatched,,0
159,목감지하차도,경기도,시흥시,2종,공공,"형식 : 직사각 / 연장 : 270.0 m, 차로수 : 4",37.396418,126.867457,matched,472322065;472322067,2
160,배곧지하차도,경기도,시흥시,2종,공공,"형식 : 박스형 / 연장 : 120.0 m, 차로수 : 4",37.375322,126.721996,matched,706258772,1
161,연성지하차도(상행),경기도,시흥시,2종,민간,"형식 : 박스형 / 연장 : 230.0 m, 차로수 : 3",,,unmatched,,0
162,연성지하차도(하행),경기도,시흥시,2종,민간,"형식 : 박스형 / 연장 : 230.0 m, 차로수 : 3",,,unmatched,,0
163,정왕지하차도,경기도,시흥시,2종,공공,"형식 : 박스형 / 연장 : 120.5 m, 차로수 : 5",37.365904,126.740584,matched,299918191,1
164,각골지하차도,경기도,안산시,2종,공공,"형식 : 박스형 / 연장 : 220.0 m, 차로수 : 2",37.288753,126.872413,matched,58658161,1
165,별망지하차도,경기도,안산시,2종,공공,"형식 : 박스형 / 연장 : 150.0 m, 차로수 : 4",,,unmatched,,0
166,본오지하차도,경기도,안산시,2종,공공,"형식 : 박스형 / 연장 : 430.0 m, 차로수 : 4",37.281662,126.855363,matched,302753426;302753429,2
167,수인선지하차도,경기도,안산시,2종,공공,"형식 : 박스형 / 연장 : 322.0 m, 차로수 : 4",37.304219,126.858697,matched,608693076;608693078,2
168,신길지하차도,경기도,안산시,2종,공공,"형식 : 박스형 / 연장 : 176.0 m, 차로수 : 4",,,ambiguous,470660293;912394248;587135247;587135248,4
169,원곡지하차도,경기도,안산시,2종,공공,"형식 : 박스형 / 연장 : 165.0 m, 차로수 : 4",37.334909,126.790746,matched,552838356;749682856,2
170,중앙지하차도,경기도,안산시,2종,공공,"형식 : 박스형 / 연장 : 240.0 m, 차로수 : 6",,,unmatched,,2
171,초지역지하차도,경기도,안산시,2종,공공,"형식 : 박스형 / 연장 : 200.0 m, 차로수 : 6",37.319982,126.80877,matched,299921475;299921480,2
172,호수공원지하차도,경기도,안산시,2종,공공,"형식 : 박스형 / 연장 : 186.0 m, 차로수 : 4",37.296925,126.826554,matched,552838387;552838390,2
173,안성복합유통시설(스타필드)지하차도,경기도,안성시,2종,공공,"형식 : 박스형 / 연장 : 558.0 m, 차로수 : 1",,,unmatched,,0
174,범계지하차도,경기도,안양시,2종,공공,"형식 : 박스형 / 연장 : 160.0 m, 차로수 : 4",37.389,126.948118,matched,318729231;681826379,2
175,비산지하차도,경기도,안양시,2종,공공,"형식 : 박스형 / 연장 : 240.0 m, 차로수 : 6",37.398487,126.933557,matched,318699995;318699996,2
176,일번가 지하차도,경기도,안양시,2종,공공,"형식 : 박스형 / 연장 : 177.0 m, 차로수 : 2",37.398769,126.924862,matched,380073444,1
177,호계지하차도,경기도,안양시,2종,공공,"형식 : 박스형 / 연장 : 250.0 m, 차로수 : 4",37.370132,126.95798,matched,681853239;777257878,2
178,김삿갓지하차도,경기도,양주시,2종,공공,"형식 : 박스형 / 연장 : 243.0 m, 차로수 : 4",37.826552,127.091647,matched,555125744,1
179,옥정지하차도,경기도,양주시,2종,공공,"형식 : 박스형 / 연장 : 481.0 m, 차로수 : 4",37.818157,127.091612,matched,554971473,1
180,물향기지하차도,경기도,오산시,2종,공공,"형식 : 박스형 / 연장 : 170.0 m, 차로수 : 4",,,unmatched,,0
181,병점차량기지(서동탄역) 지하차도,경기도,오산시,2종,공공,"형식 : 미등록 / 연장 : 280.0 m, 차로수 : 2",,,unmatched,,0
182,세교지하차도,경기도,오산시,2종,민간,"형식 : 박스형 / 연장 : 100.0 m, 차로수 : 4",,,unmatched,,4
183,세마지하차도,경기도,오산시,2종,공공,"형식 : 박스형 / 연장 : 160.0 m, 차로수 : 4",37.189733,127.04672,matched,554616123;554616125,2
184,강남대지하차도,경기도,용인시,2종,공공,"형식 : 박스형 / 연장 : 140.0 m, 차로수 : 5",37.269765,127.127463,matched,464862434;464862485,2
185,공세지하차도,경기도,용인시,2종,공공,"형식 : 박스형 / 연장 : 220.0 m, 차로수 : 2",37.239059,127.117039,matched,839793073,1
186,금광 지하차도,경기도,용인시,2종,민간,"형식 : 박스형 / 연장 : 465.0 m, 차로수 : 6",,,unmatched,,0
187,동백지하차도(지하차도 #1),경기도,용인시,2종,공공,"형식 : 박스형 / 연장 : 130.0 m, 차로수 : 4",37.285666,127.150818,matched,554698762;867156535,2
188,삼막곡 제1지하차도,경기도,용인시,2종,공공,"형식 : 박스형 / 연장 : 455.0 m, 차로수 : 6",,,unmatched,,0
189,서천지하차도,경기도,용인시,2종,공공,"형식 : 박스형 / 연장 : 372.0 m, 차로수 : 4",37.234325,127.070594,matched,491463116,1
190,성복지하차도,경기도,용인시,2종,공공,"형식 : 박스형 / 연장 : 367.0 m, 차로수 : 4",37.315823,127.068435,matched,341358192;1377151145;1476046232;1476046234;1476046238;1476046239,6
191,성산지하차도(지하차도#3),경기도,용인시,2종,공공,"형식 : 박스형 / 연장 : 410.0 m, 차로수 : 2",37.549836,126.892354,matched,204781430;255759582;1120540510;1120540511,4
192,수성지하차도(지하차도 #2),경기도,용인시,2종,공공,"형식 : 박스형 / 연장 : 170.0 m, 차로수 : 4",37.278426,127.151115,matched,554698773;554718312,2
193,신일지하차도,경기도,용인시,2종,공공,"형식 : 박스형 / 연장 : 230.0 m, 차로수 : 6",,,unmatched,,0
194,은목지하차도(지하차도#4),경기도,용인시,2종,공공,"형식 : 박스형 / 연장 : 170.0 m, 차로수 : 4",37.268704,127.152608,matched,452363697;867156540,2
195,초당지하차도(지하차도#5),경기도,용인시,2종,공공,"형식 : 박스형 / 연장 : 170.0 m, 차로수 : 4",37.26062,127.15928,matched,554713053;867156538,2
196,하동IC램프2,경기도,용인시,2종,공공,"형식 : 박스형 / 연장 : 102.0 m, 차로수 : 2",,,unmatched,,0
197,화운사생태터널,경기도,용인시,2종,민간,"형식 : 파형강판 / 연장 : 310.0 m, 차로수 : 4",,,unmatched,,0
198,흥덕지하차도,경기도,용인시,2종,공공,"형식 : 박스형 / 연장 : 388.2 m, 차로수 : 2",37.275117,127.082255,matched,170300356;170302308,2
199,고천지하차도,경기도,의왕시,2종,공공,"형식 : 박스형 / 연장 : 495.0 m, 차로수 : 4",37.344362,126.976284,matched,156301135;418064392;418064394;477488056;477488057;511468143;582107280;582107281,8
200,경민지하차도B,경기도,의정부시,2종,공공,"형식 : 박스형 / 연장 : 150.0 m, 차로수 : 4",,,unmatched,,0
201,금신 지하차도,경기도,의정부시,2종,공공,"형식 : 박스형 / 연장 : 460.0 m, 차로수 : 4",37.74801,127.058006,matched,72387898;841649607,2
202,민락지하차도,경기도,의정부시,2종,공공,"형식 : 박스형 / 연장 : 460.0 m, 차로수 : 4",,,unmatched,,0
203,사패터널BOX,경기도,의정부시,2종,공공,"형식 : 박스형 / 연장 : 109.0 m, 차로수 : 6",,,unmatched,,0
204,신곡지하차도,경기도,의정부시,2종,공공,"형식 : 박스형 / 연장 : 190.0 m, 차로수 : 4",37.736397,127.057909,matched,694663316;1315726256,2
205,용현지하차도(상),경기도,의정부시,2종,공공,"형식 : 미등록 / 연장 : 320.0 m, 차로수 : 3",37.454377,126.660823,matched,234766724,1
206,용현지하차도(하),경기도,의정부시,2종,공공,"형식 : 미등록 / 연장 : 320.0 m, 차로수 : 3",37.454377,126.660823,matched,234766724,1
207,의정부역지하차도,경기도,의정부시,2종,공공,"형식 : 박스형 / 연장 : 158.6 m, 차로수 : 4",37.738485,127.045755,matched,461206881;1500216538,2
208,자금지하차도(구리),경기도,의정부시,2종,민간,"형식 : 1련 암거 2개소 (15.8x5.45M) / 연장 : 180.0 m, 차로수 : 3",,,unmatched,,0
209,자금지하차도(포천),경기도,의정부시,2종,민간,"형식 : 1련 암거 2개소 (15.8x5.45M) / 연장 : 180.0 m, 차로수 : 3",,,unmatched,,0
210,교하지하차도,경기도,파주시,2종,공공,"형식 : 박스형 / 연장 : 164.0 m, 차로수 : 4",,,unmatched,,0
211,동패지하차도,경기도,파주시,2종,공공,"형식 : 라멘형 / 연장 : 180.0 m, 차로수 : 4",37.701583,126.71847,matched,527176739,1
212,산내지하차도,경기도,파주시,2종,공공,"형식 : 박스형 / 연장 : 210.0 m, 차로수 : 4",,,unmatched,,0
213,심학산 지하차도,경기도,파주시,2종,공공,"형식 : 박스형 / 연장 : 225.0 m, 차로수 : 6",,,unmatched,,0
214,야당지하차도(명칭변경:기왓돌지하차도),경기도,파주시,2종,공공,"형식 : 라멘형 / 연장 : 165.0 m, 차로수 : 6",,,unmatched,,0
215,와동지하차도,경기도,파주시,2종,공공,"형식 : 박스형 / 연장 : 535.0 m, 차로수 : 4",37.741909,126.752793,matched,528048321;528048323,2
216,운정지하차도(명칭변경:한빛지하차도),경기도,파주시,2종,공공,"형식 : 라멘형 / 연장 : 495.0 m, 차로수 : 4",37.716237,126.728241,matched,1346991709;1346991710;1470221236;1470221237,4
217,책향기 지하차도,경기도,파주시,2종,공공,"형식 : 박스형 / 연장 : 203.0 m, 차로수 : 6",,,unmatched,,0
218,탑골지하차도,경기도,파주시,2종,공공,"형식 : 박스형 / 연장 : 225.0 m, 차로수 : 6",37.699189,126.709795,matched,313343306;362962516,2
219,고덕지하차도,경기도,평택시,2종,공공,"형식 : 박스형 / 연장 : 140.0 m, 차로수 : 6",37.051819,127.043712,matched,666657742;773733435,2
220,세교지하차도,경기도,평택시,2종,공공,"형식 : U-TYPE+BOX-TYPE / 연장 : 380.0 m, 차로수 : 4",,,unmatched,,4
221,이충지하차도,경기도,평택시,2종,공공,"형식 : 박스형 / 연장 : 410.0 m, 차로수 : 4",37.052215,127.054638,matched,520018770;836337366,2
222,이가팔지하차도,경기도,포천시,2종,민간,"형식 : 미등록 / 연장 : 360.0 m, 차로수 : 4",,,unmatched,,0
223,미사교차로 지하차도,경기도,하남시,2종,공공,"형식 : 박스형 / 연장 : 156.0 m, 차로수 : 4",,,unmatched,,0
224,미사지하차도,경기도,하남시,2종,민간,"형식 : 박스형 / 연장 : 123.0 m, 차로수 : 3",,,unmatched,,0
225,신풍지하차도,경기도,하남시,2종,공공,"형식 : 박스형 / 연장 : 120.0 m, 차로수 : 4",37.550768,127.214678,matched,388786475;985677691,2
226,조정경기장 입구교차로 지하차도,경기도,하남시,2종,공공,"형식 : 박스형 / 연장 : 166.0 m, 차로수 : 4",,,unmatched,,0
227,하남풍산 진등지하차도,경기도,하남시,2종,공공,"형식 : 박스형 / 연장 : 110.0 m, 차로수 : 4",,,unmatched,,0
228,RAMP-C지하차도,경기도,화성시,2종,공공,"형식 : 박스형 / 연장 : 148.1 m, 차로수 : 1",,,unmatched,,0
229,금곡지하차도,경기도,화성시,2종,공공,"형식 : 박스형 / 연장 : 127.0 m, 차로수 : 4",,,unmatched,,0
230,남양지하차도,경기도,화성시,2종,공공,"형식 : 박스형 / 연장 : 180.0 m, 차로수 : 4",37.216146,126.832214,matched,480623953,1
231,동부대로5(동탄산단1)지하차도,경기도,화성시,2종,공공,"형식 : 2련 BOX / 연장 : 585.0 m, 차로수 : 4",,,unmatched,,0
232,동부대로6(동탄산단2)지하차도,경기도,화성시,2종,공공,"형식 : 2련 BOX / 연장 : 219.0 m, 차로수 : 4",,,unmatched,,0
233,문호지하차도,경기도,화성시,2종,공공,"형식 : 박스형 / 연장 : 180.0 m, 차로수 : 4",,,unmatched,,0
234,병점지하차도,경기도,화성시,2종,공공,"형식 : 라멘형 / 연장 : 382.0 m, 차로수 : 4",37.209043,127.034039,matched,554620059;554620067,2
235,산척지하차도,경기도,화성시,2종,공공,"형식 : R.C BOX / 연장 : 171.0 m, 차로수 : 7",,,unmatched,,0
236,상신지하차도,경기도,화성시,2종,공공,"형식 : 박스형 / 연장 : 340.0 m, 차로수 : 4",,,unmatched,,0
237,송동지하차도,경기도,화성시,2종,공공,"형식 : 박스형 / 연장 : 295.0 m, 차로수 : 6",,,unmatched,,0
238,수영리지하차도,경기도,화성시,2종,공공,"형식 : 박스형 / 연장 : 160.0 m, 차로수 : 4",,,unmatched,,0
239,숙곡지하차도,경기도,화성시,2종,공공,"형식 : 박스형 / 연장 : 260.0 m, 차로수 : 4",37.253165,126.900653,matched,480623974,1
240,신리지하차도,경기도,화성시,2종,공공,"형식 : R.C BOX / 연장 : 124.0 m, 차로수 : 4",,,unmatched,,0
241,영내지하차도,경기도,화성시,2종,공공,"형식 : 박스형 / 연장 : 396.0 m, 차로수 : 6",,,unmatched,,0
242,오름 지하차도,경기도,화성시,2종,공공,"형식 : 박스형 / 연장 : 160.0 m, 차로수 : 4",,,unmatched,,0
243,잎새 지하차도,경기도,화성시,2종,공공,"형식 : 박스형 / 연장 : 232.0 m, 차로수 : 6",,,unmatched,,0
244,장지교차로지하차도,경기도,화성시,2종,공공,"형식 : R.C BOX / 연장 : 160.0 m, 차로수 : 4",37.15351,127.121026,matched,554636342,1
245,장지지하차도,경기도,화성시,2종,공공,"형식 : U-Type, Box-type / 연장 : 480.0 m, 차로수 : 4",37.475567,127.127944,matched,615657925;615657927,2
246,중동지하차도,경기도,화성시,2종,공공,"형식 : 박스형 / 연장 : 440.0 m, 차로수 : 4",,,unmatched,,1
247,진안 RAMP-A 지하차도,경기도,화성시,2종,공공,"형식 : 박스형 / 연장 : 360.0 m, 차로수 : 1",,,unmatched,,0
248,진안2지하차도,경기도,화성시,2종,공공,"형식 : 박스형 / 연장 : 148.4 m, 차로수 : 8",,,unmatched,,0
249,진안3지하차도,경기도,화성시,2종,공공,"형식 : 박스형 / 연장 : 140.0 m, 차로수 : 6",,,unmatched,,0
250,천천지하차도,경기도,화성시,2종,공공,"형식 : 미등록 / 연장 : 235.0 m, 차로수 : 4",37.243651,126.941958,matched,188046017;188046022,2
251,청계지하차도,경기도,화성시,2종,공공,"형식 : 박스형 / 연장 : 416.0 m, 차로수 : 4",,,unmatched,,0
252,태안(안녕)지하차도,경기도,화성시,2종,공공,"형식 : 박스형 / 연장 : 460.0 m, 차로수 : 4",,,unmatched,,0
253,태안지하차도,경기도,화성시,2종,공공,"형식 : 박스형 / 연장 : 300.0 m, 차로수 : 4",,,unmatched,,0
254,풀잎 지하차도,경기도,화성시,2종,공공,"형식 : 박스형 / 연장 : 190.4 m, 차로수 : 6",,,unmatched,,0
255,하길 제2지하차도,경기도,화성시,2종,공공,"형식 : U-Type / 연장 : 495.0 m, 차로수 : 4",,,unmatched,,0
256,환승센터지하차도,경기도,화성시,2종,공공,"형식 : 박스형 / 연장 : 105.0 m, 차로수 : 2",,,unmatched,,0
257,아양지하차도,경상남도,거제시,2종,공공,"형식 : 박스형 / 연장 : 380.0 m, 차로수 : 2",,,unmatched,,0
258,대청지하차도,경상남도,김해시,2종,공공,"형식 : 박스형 / 연장 : 590.0 m, 차로수 : 6",35.193906,128.801909,matched,387502127;416049588,2
259,동김해지하차도,경상남도,김해시,2종,공공,"형식 : 박스형 / 연장 : 554.4 m, 차로수 : 4",,,unmatched,,0
260,무계지하차도,경상남도,김해시,2종,공공,"형식 : 박스형 / 연장 : 1,043.0 m, 차로수 : 4",35.20197,128.815528,matched,416049629;416049636;471328725;476427778,4
261,불암지하차도,경상남도,김해시,2종,공공,"형식 : 박스형 / 연장 : 360.0 m, 차로수 : 4",35.221302,128.928942,matched,158058971;158059012,2
262,남해지하차도,경상남도,남해군,2종,공공,"형식 : 박스형 / 연장 : 120.0 m, 차로수 : 4",,,unmatched,,0
263,남부지하차도,경상남도,양산시,2종,공공,"형식 : 라멘형 / 연장 : 460.0 m, 차로수 : 4",35.334153,129.035102,matched,664947821,1
264,다방지하차도,경상남도,양산시,2종,공공,"형식 : 라멘형 / 연장 : 365.0 m, 차로수 : 4",35.329685,129.034582,matched,170417856;275735658,2
265,범어지하차도,경상남도,양산시,2종,공공,"형식 : 박스형 / 연장 : 190.0 m, 차로수 : 4",35.333109,129.010032,matched,736691962;1500235866,2
266,석산지하차도,경상남도,양산시,2종,공공,"형식 : 박스형 / 연장 : 175.0 m, 차로수 : 4",35.315397,129.02834,matched,170417864;1500204258,2
267,양주지하차도,경상남도,양산시,2종,공공,"형식 : 라멘형 / 연장 : 440.0 m, 차로수 : 4",35.343632,129.034059,matched,659806619,1
268,오봉지하차도(양산물금지하차도6호),경상남도,양산시,2종,공공,"형식 : 박스형 / 연장 : 355.0 m, 차로수 : 4",35.325721,129.000579,matched,767980421,1
269,증산역지하차도,경상남도,양산시,2종,공공,"형식 : 박스형 / 연장 : 125.0 m, 차로수 : 4",35.308433,129.00965,matched,548665569,1
270,남산지하차도,경상남도,창원시,2종,민간,"형식 : 파형강판 SS590 / 연장 : 122.0 m, 차로수 : 4",,,unmatched,,0
271,덕산지하차도,경상남도,창원시,2종,공공,"형식 : 박스형 / 연장 : 201.0 m, 차로수 : 2",,,unmatched,,0
272,명곡지하차도,경상남도,창원시,2종,공공,"형식 : 박스형 / 연장 : 229.0 m, 차로수 : 4",35.24183,128.65148,matched,471687280,1
273,삼동지하차도,경상남도,창원시,2종,공공,"형식 : 박스형 / 연장 : 250.0 m, 차로수 : 4",,,unmatched,,0
274,성주지하차도,경상남도,창원시,2종,공공,"형식 : 박스형 / 연장 : 180.0 m, 차로수 : 4",35.924624,128.304073,matched,80801957;310013524,2
275,소계1지하차도,경상남도,창원시,2종,공공,"형식 : 박스형 / 연장 : 116.0 m, 차로수 : 4",,,unmatched,,0
276,용원지하차도,경상남도,창원시,2종,공공,"형식 : 박스형 / 연장 : 250.0 m, 차로수 : 4",35.232732,128.644118,matched,211900622;1350337011,2
277,토월지하차도,경상남도,창원시,2종,공공,"형식 : 박스형 / 연장 : 160.0 m, 차로수 : 4",35.230111,128.695673,matched,161529062;231053285;1499984213;1499984214,4
278,구미국가산업단지 제4단지 옥계지하차도,경상북도,구미시,2종,공공,"형식 : 박스형 / 연장 : 226.0 m, 차로수 : 4",,,unmatched,,0
279,혁신지하차도2,경상북도,김천시,2종,공공,"형식 : 박스형 / 연장 : 150.0 m, 차로수 : 4",,,unmatched,,0
280,돈달지하도,경상북도,문경시,2종,공공,"형식 : 박스형 / 연장 : 110.0 m, 차로수 : 2",,,unmatched,,0
281,성주지하차도,경상북도,성주군,2종,공공,"형식 : 박스형 / 연장 : 390.0 m, 차로수 : 4",35.924624,128.304073,matched,80801957;310013524,2
282,나무고개지하차도,경상북도,영주시,2종,공공,"형식 : U-TYPE+BOX TYPE / 연장 : 120.0 m, 차로수 : 4",36.830144,128.598816,matched,709841513;709841514;777630236;777630237,4
283,산정1지하차도,광주광역시,광산구,2종,공공,"형식 : 라멘형 / 연장 : 206.0 m, 차로수 : 4",,,unmatched,,0
284,산정제1 지하차도,광주광역시,광산구,2종,공공,"형식 : 박스형 / 연장 : 170.7 m, 차로수 : 4",,,unmatched,,0
285,선운지하차도,광주광역시,광산구,2종,공공,"형식 : 미등록 / 연장 : 120.0 m, 차로수 : 6",,,unmatched,,0
286,송정공원역 지하차도,광주광역시,광산구,2종,공공,"형식 : 박스형 / 연장 : 185.0 m, 차로수 : 2",,,unmatched,,0
287,수완지하차도,광주광역시,광산구,2종,공공,"형식 : 박스형 / 연장 : 240.0 m, 차로수 : 6",,,unmatched,,0
288,신가지하차도,광주광역시,광산구,2종,민간,"형식 : 박스형 / 연장 : 445.5 m, 차로수 : 6",,,unmatched,,0
289,신덕지하차도,광주광역시,광산구,2종,공공,"형식 : 라멘형 / 연장 : 111.4 m, 차로수 : 4",,,unmatched,,0
290,장수제1 지하차도,광주광역시,광산구,2종,공공,"형식 : 박스형 / 연장 : 448.0 m, 차로수 : 6",,,unmatched,,0
291,효덕지하차도,광주광역시,남구,2종,공공,"형식 : 박스형 / 연장 : 180.0 m, 차로수 : 4",35.112024,126.896023,matched,57714814,1
292,효천 지하차도,광주광역시,남구,2종,공공,"형식 : 박스형 / 연장 : 115.0 m, 차로수 : 4",,,unmatched,,0
293,신용지하차도,광주광역시,북구,2종,공공,"형식 : 박스형 / 연장 : 160.0 m, 차로수 : 4",,,unmatched,,0
294,연제지하차도,광주광역시,북구,2종,공공,"형식 : 박스형 / 연장 : 120.0 m, 차로수 : 4",,,unmatched,,0
295,월출지하차도,광주광역시,북구,2종,공공,"형식 : 박스형 / 연장 : 164.0 m, 차로수 : 4",35.244614,126.881825,matched,240457915;327893388,2
296,쌍계지하차도,대구광역시,달성군,2종,공공,"형식 : 박스형 / 연장 : 101.0 m, 차로수 : 4",,,unmatched,,0
297,옥포지하차도,대구광역시,달성군,2종,공공,"형식 : 박스형 / 연장 : 425.0 m, 차로수 : 4",,,unmatched,,0
298,봉무지하차도,대구광역시,동구,2종,공공,"형식 : 박스형 / 연장 : 240.0 m, 차로수 : 4",,,unmatched,,0
299,불로지하차도,대구광역시,동구,2종,공공,"형식 : 박스형 / 연장 : 160.0 m, 차로수 : 4",,,unmatched,,0
300,경대교지하차도,대구광역시,북구,2종,공공,"형식 : 박스형 / 연장 : 105.0 m, 차로수 : 4",,,unmatched,,0
301,매천시장지하차도,대구광역시,북구,2종,공공,"형식 : 박스형 / 연장 : 105.0 m, 차로수 : 4",35.90455,128.541168,matched,55482254;55482255,2
302,칠곡지하차도,대구광역시,북구,2종,공공,"형식 : 박스형 / 연장 : 110.0 m, 차로수 : 4",35.932694,128.548449,matched,780821110,1
303,침산교지하차도,대구광역시,북구,2종,공공,"형식 : 박스형 / 연장 : 160.0 m, 차로수 : 4",35.900626,128.591611,matched,55695931;55695944,2
304,팔달교지하차도,대구광역시,서구,2종,공공,"형식 : 박스형 / 연장 : 110.0 m, 차로수 : 4",,,unmatched,,0
305,연호지하차도,대구광역시,수성구,2종,민간,"형식 : 박스형 / 연장 : 200.0 m, 차로수 : 6",35.834005,128.670509,matched,209699016;209699026,2
306,월드컵지하차도,대구광역시,수성구,2종,공공,"형식 : 박스형 / 연장 : 1,370.0 m, 차로수 : 6",,,unmatched,,2
307,수성교지하차도,대구광역시,중구,2종,공공,"형식 : 박스형 / 연장 : 460.0 m, 차로수 : 4",,,unmatched,,0
308,대동지하차도,대전광역시,동구,2종,공공,"형식 : 박스형 / 연장 : 186.0 m, 차로수 : 4",36.329307,127.44299,matched,38313770;38313772,4
309,대전역지하차도,대전광역시,동구,2종,공공,"형식 : 박스형 / 연장 : 345.2 m, 차로수 : 6",36.332109,127.435115,matched,26543335,1
310,성남지하차도,대전광역시,동구,2종,공공,"형식 : 박스형 / 연장 : 112.0 m, 차로수 : 4",,,unmatched,,0
311,정동지하차도,대전광역시,동구,2종,공공,"형식 : 박스형 / 연장 : 140.0 m, 차로수 : 4",36.336533,127.432023,matched,52014199,1
312,판암지하차도,대전광역시,동구,2종,공공,"형식 : 박스형 / 연장 : 125.0 m, 차로수 : 4",36.318576,127.466581,matched,39287742;39287743,2
313,현암 지하차도,대전광역시,동구,2종,공공,"형식 : 박스형 / 연장 : 105.0 m, 차로수 : 2",36.341826,127.428086,matched,374678052,1
314,홍도지하차도,대전광역시,동구,2종,공공,"형식 : 박스형 / 연장 : 493.0 m, 차로수 : 8",,,unmatched,,0
315,갈마지하차도,대전광역시,서구,2종,공공,"형식 : 라멘형 / 연장 : 260.0 m, 차로수 : 6",36.348652,127.376421,matched,41014452;41014453,2
316,갑천지하차도,대전광역시,서구,2종,공공,"형식 : 라멘형 / 연장 : 142.0 m, 차로수 : 4",36.359083,127.360476,matched,32748029;32748032,2
317,계룡로 지하차도,대전광역시,서구,2종,공공,"형식 : 박스형 / 연장 : 472.0 m, 차로수 : 6",,,unmatched,,0
318,관저지하차도,대전광역시,서구,2종,공공,"형식 : 라멘형 / 연장 : 160.0 m, 차로수 : 6",36.301523,127.334858,matched,33198324;33198325,2
319,도마지하차도,대전광역시,서구,2종,공공,"형식 : 박스형 / 연장 : 135.0 m, 차로수 : 2",36.315112,127.384849,matched,142899580,1
320,둔산지하차도,대전광역시,서구,2종,공공,"형식 : 라멘형 / 연장 : 244.0 m, 차로수 : 4",36.357724,127.37935,matched,33812805;33812806,2
321,만년지하차도,대전광역시,서구,2종,공공,"형식 : 미등록 / 연장 : 120.0 m, 차로수 : 4",36.350162,127.351258,matched,32748015;32748017;1533428720;1533428721,4
322,문예지하차도,대전광역시,서구,2종,공공,"형식 : 라멘형 / 연장 : 174.0 m, 차로수 : 4",36.371051,127.379554,matched,33812838;33812840;774648324;774648325,4
323,삼천지하차도,대전광역시,서구,2종,공공,"형식 : 라멘형 / 연장 : 270.0 m, 차로수 : 4",,,unmatched,,0
324,오량지하차도,대전광역시,서구,2종,공공,"형식 : 박스형 / 연장 : 155.0 m, 차로수 : 4",36.309462,127.383802,matched,1197319220;1197319222;1197319223,3
325,정부청사 지하차도,대전광역시,서구,2종,공공,"형식 : 라멘형 / 연장 : 124.0 m, 차로수 : 4",,,unmatched,,0
326,탄방지하차도,대전광역시,서구,2종,공공,"형식 : 라멘형 / 연장 : 123.0 m, 차로수 : 6",36.342802,127.384735,matched,41014468;41014470,2
327,한밭지하차도,대전광역시,서구,2종,공공,"형식 : 라멘형 / 연장 : 283.0 m, 차로수 : 6",36.364838,127.379478,matched,32660179;32660182,2
328,과학공원지하차도,대전광역시,유성구,2종,공공,"형식 : 박스형 / 연장 : 200.0 m, 차로수 : 2",,,unmatched,,0
329,노은지하차도,대전광역시,유성구,2종,공공,"형식 : 미등록 / 연장 : 105.0 m, 차로수 : 6",36.384527,127.320478,matched,550127062;550127065,2
330,도안지하차도,대전광역시,유성구,2종,공공,"형식 : 박스형 / 연장 : 130.0 m, 차로수 : 6",36.332225,127.332913,matched,173715751;173715757,2
331,상대지하차도,대전광역시,유성구,2종,공공,"형식 : 박스형 / 연장 : 125.0 m, 차로수 : 6",36.338283,127.335706,matched,70118911;70118927,2
332,옥녀봉 지하차도,대전광역시,유성구,2종,공공,"형식 : 박스형 / 연장 : 120.0 m, 차로수 : 6",36.332186,127.348096,matched,291090289;291090291,2
333,월드컵지하차도,대전광역시,유성구,2종,공공,"형식 : 박스형 / 연장 : 135.0 m, 차로수 : 6",,,unmatched,,2
334,유성지하차도,대전광역시,유성구,2종,공공,"형식 : 박스형 / 연장 : 110.0 m, 차로수 : 6",36.362065,127.344726,matched,25517890;38098578,2
335,진터지하차도,대전광역시,유성구,2종,공공,"형식 : 박스형 / 연장 : 130.0 m, 차로수 : 6",36.348535,127.340345,matched,70118928;70118938,2
336,중촌지하차도,대전광역시,중구,2종,공공,"형식 : 박스형 / 연장 : 410.0 m, 차로수 : 4",,,unmatched,,0
337,금호지하차도,부산광역시,강서구,2종,공공,"형식 : 박스형 / 연장 : 120.0 m, 차로수 : 6",,,unmatched,,0
338,대상지하차도,부산광역시,강서구,2종,공공,"형식 : 박스형 / 연장 : 130.0 m, 차로수 : 4",35.21166,128.974175,matched,164816295;164816298,2
339,명지동진 지하차도,부산광역시,강서구,2종,공공,"형식 : 박스형 / 연장 : 160.0 m, 차로수 : 4",,,unmatched,,0
340,구서 지하차도,부산광역시,금정구,2종,공공,"형식 : 박스형 / 연장 : 140.0 m, 차로수 : 4",35.246239,129.092914,matched,166268913;1356621151,2
341,장전지하차도,부산광역시,금정구,2종,공공,"형식 : 박스형 / 연장 : 220.0 m, 차로수 : 4",,,unmatched,,0
342,삼성1 지하차도,부산광역시,기장군,2종,공공,"형식 : 박스형 / 연장 : 368.0 m, 차로수 : 4",,,unmatched,,0
343,대남 지하차도,부산광역시,남구,2종,공공,"형식 : 박스형 / 연장 : 125.0 m, 차로수 : 4",,,unmatched,,0
344,초량 제1지하차도,부산광역시,동구,2종,공공,"형식 : 박스형 / 연장 : 165.0 m, 차로수 : ",,,unmatched,,0
345,초량 제2지하차도,부산광역시,동구,2종,공공,"형식 : 박스형 / 연장 : 175.0 m, 차로수 : ",,,unmatched,,0
346,내성 지하차도,부산광역시,동래구,2종,공공,"형식 : 박스형 / 연장 : 185.0 m, 차로수 : 4",,,unmatched,,0
347,안락 지하차도,부산광역시,동래구,2종,공공,"형식 : 미등록 / 연장 : 200.0 m, 차로수 : 4",35.198202,129.09698,matched,544707236;544707238,2
348,우장춘 지하차도,부산광역시,동래구,2종,공공,"형식 : 박스형 / 연장 : 244.0 m, 차로수 : 4",,,unmatched,,0
349,가야감고개공원 복개구조물,부산광역시,부산진구,2종,공공,"형식 : 2경간 거더교 / 연장 : 105.0 m, 차로수 : 4",,,unmatched,,0
350,문전지하차도,부산광역시,부산진구,2종,공공,"형식 : U-TYPE, BOX-TYPE / 연장 : 436.0 m, 차로수 : 2",,,unmatched,,0
351,범천지하차도,부산광역시,부산진구,2종,공공,"형식 : 박스형 / 연장 : 215.0 m, 차로수 : 4",,,unmatched,,0
352,와석지하차도,부산광역시,북구,2종,공공,"형식 : 박스형 / 연장 : 480.0 m, 차로수 : 4",,,unmatched,,0
353,주례지하차도,부산광역시,사상구,2종,공공,"형식 : 박스형 / 연장 : 123.0 m, 차로수 : 1",,,unmatched,,0
354,수영강변 지하차도,부산광역시,해운대구,2종,공공,"형식 : 박스형 / 연장 : 400.0 m, 차로수 : 4",,,unmatched,,0
355,우동 지하차도,부산광역시,해운대구,2종,공공,"형식 : 박스형 / 연장 : 145.5 m, 차로수 : 6",,,unmatched,,0
356,좌동 지하차도,부산광역시,해운대구,2종,공공,"형식 : 박스형 / 연장 : 265.0 m, 차로수 : 4",,,unmatched,,0
357,개포지하차도,서울특별시,강남구,2종,공공,"형식 : 미등록 / 연장 : 160.0 m, 차로수 : 4",,,unmatched,,0
358,구룡지하차도,서울특별시,강남구,2종,공공,"형식 : 박스형 / 연장 : 380.0 m, 차로수 : 4",37.471662,127.051436,matched,341767212;341767213,2
359,대치지하차도,서울특별시,강남구,2종,공공,"형식 : 미등록 / 연장 : 155.0 m, 차로수 : 2",,,unmatched,,0
360,일원지하차도,서울특별시,강남구,2종,공공,"형식 : 미등록 / 연장 : 160.0 m, 차로수 : 6",37.486146,127.075569,matched,275632560;341767218,2
361,천호지하차도,서울특별시,강동구,2종,공공,"형식 : 미등록 / 연장 : 100.0 m, 차로수 : 4",,,unmatched,,0
362,황산지하차도,서울특별시,강동구,2종,공공,"형식 : 박스형 / 연장 : 407.0 m, 차로수 : 4",,,unmatched,,0
363,가양지하차도,서울특별시,강서구,2종,공공,"형식 : 박스형 / 연장 : 135.0 m, 차로수 : 1",,,unmatched,,0
364,공항입구지하차도,서울특별시,강서구,2종,공공,"형식 : 박스형 / 연장 : 100.0 m, 차로수 : 4",,,unmatched,,0
365,염창지하차도,서울특별시,강서구,2종,공공,"형식 : 박스형 / 연장 : 179.0 m, 차로수 : 1",,,unmatched,,0
366,도림천 지하차도(성산방향),서울특별시,관악구,2종,민간,"형식 : 박스형 / 연장 : 108.0 m, 차로수 : 3",,,unmatched,,0
367,도림천 지하차도(수서방향),서울특별시,관악구,2종,민간,"형식 : 박스형 / 연장 : 106.0 m, 차로수 : 3",,,unmatched,,0
368,광나루지하차도,서울특별시,광진구,2종,공공,"형식 : 박스형 / 연장 : 455.0 m, 차로수 : 1",,,unmatched,,0
369,아차산 지하차도,서울특별시,광진구,2종,공공,"형식 : 아치형 / 연장 : 260.0 m, 차로수 : 10",37.547441,127.097345,matched,615539812;615539820;615539821;615655603,4
370,가마산지하차도,서울특별시,구로구,2종,공공,"형식 : 박스형 / 연장 : 420.0 m, 차로수 : 4",,,unmatched,,0
371,개봉지하차도,서울특별시,구로구,2종,공공,"형식 : 박스형 / 연장 : 355.0 m, 차로수 : 4",37.4937,126.857707,matched,465796116;465796117,2
372,구로지하차도,서울특별시,구로구,2종,공공,"형식 : 박스형 / 연장 : 370.0 m, 차로수 : 4",,,unmatched,,0
373,신도림지하차도,서울특별시,구로구,2종,공공,"형식 : 박스형 / 연장 : 260.0 m, 차로수 : 6",,,unmatched,,0
374,공릉지하차도,서울특별시,노원구,2종,공공,"형식 : 라멘형 / 연장 : 192.0 m, 차로수 : 2",37.63176,127.067327,matched,381025729,1
375,초안산 지하차도,서울특별시,노원구,2종,공공,"형식 : 박스형 / 연장 : 402.0 m, 차로수 : 3",,,unmatched,,0
376,하계지하차도,서울특별시,노원구,2종,공공,"형식 : 박스형 / 연장 : 348.0 m, 차로수 : 4",,,unmatched,,0
377,가인지하차도,서울특별시,도봉구,2종,공공,"형식 : 박스형 / 연장 : 315.0 m, 차로수 : 2",37.659724,127.045064,matched,381159444,1
378,녹천지하차도,서울특별시,도봉구,2종,공공,"형식 : 박스형 / 연장 : 307.0 m, 차로수 : 4",37.645783,127.050524,matched,380123622,1
379,창동지하차도,서울특별시,도봉구,2종,공공,"형식 : 박스형 / 연장 : 140.0 m, 차로수 : 4",37.651756,127.048562,matched,481807370,1
380,동부지하차도,서울특별시,동대문구,2종,공공,"형식 : 박스형 / 연장 : 174.0 m, 차로수 : 4",37.604839,127.068838,matched,414842971,1
381,신답지하차도,서울특별시,동대문구,2종,공공,"형식 : 박스형 / 연장 : 128.0 m, 차로수 : 4",37.56997,127.048352,matched,175357582;183521202,2
382,장안교 지하차도,서울특별시,동대문구,2종,공공,"형식 : 박스형 / 연장 : 100.0 m, 차로수 : 4",,,unmatched,,0
383,모래내지하차도,서울특별시,마포구,2종,공공,"형식 : 박스형 / 연장 : 146.0 m, 차로수 : 2",,,unmatched,,0
384,성산지하차도,서울특별시,마포구,2종,공공,"형식 : 박스형 / 연장 : 110.0 m, 차로수 : 3",37.549836,126.892354,matched,204781430;255759582;1120540510;1120540511,4
385,잠두봉지하차도,서울특별시,마포구,2종,공공,"형식 : 박스형 / 연장 : 365.0 m, 차로수 : 4",,,unmatched,,0
386,구반포지하차도,서울특별시,서초구,2종,공공,"형식 : 박스형 / 연장 : 187.0 m, 차로수 : 2",,,unmatched,,0
387,사평지하차도,서울특별시,서초구,2종,공공,"형식 : 라멘형 / 연장 : 150.0 m, 차로수 : 4",,,unmatched,,0
388,선암지하차도,서울특별시,서초구,2종,공공,"형식 : BOX-TYPE,U-TYPE / 연장 : 425.0 m, 차로수 : 2",37.460142,127.02055,matched,576208622,1
389,신원지하차도,서울특별시,서초구,2종,공공,"형식 : BOX형+UType+램프1개소 / 연장 : 341.0 m, 차로수 : 5",37.458434,127.044736,matched,376673523;376673525,2
390,양재지하차도,서울특별시,서초구,2종,공공,"형식 : 미등록 / 연장 : 180.0 m, 차로수 : 4",37.484542,127.034175,matched,173729734;560607457,2
391,염곡동서지하차도,서울특별시,서초구,2종,공공,"형식 : 박스형 / 연장 : 210.0 m, 차로수 : 4",,,unmatched,,0
392,염곡지하차도,서울특별시,서초구,2종,공공,"형식 : 라멘형 / 연장 : 180.0 m, 차로수 : 6",,,unmatched,,0
393,청계산지하차도,서울특별시,서초구,2종,공공,"형식 : BOX+U-Type / 연장 : 121.0 m, 차로수 : 5",37.45834,127.039431,matched,242703076;376673535,2
394,서울숲1지하차도,서울특별시,성동구,2종,공공,"형식 : 박스형 / 연장 : 198.0 m, 차로수 : 2",,,unmatched,,0
395,서울숲2지하차도,서울특별시,성동구,2종,공공,"형식 : 박스형 / 연장 : 200.0 m, 차로수 : 1",,,unmatched,,0
396,성수대교북단지하차도,서울특별시,성동구,2종,공공,"형식 : 박스형 / 연장 : 174.4 m, 차로수 : 1",,,unmatched,,0
397,응봉지하차도,서울특별시,성동구,2종,공공,"형식 : 박스형 / 연장 : 370.0 m, 차로수 : 2",,,unmatched,,0
398,석촌지하차도,서울특별시,송파구,2종,공공,"형식 : 미등록 / 연장 : 490.0 m, 차로수 : 4",,,unmatched,,0
399,송파나루 지하차도,서울특별시,송파구,2종,공공,"형식 : 박스형 / 연장 : 358.0 m, 차로수 : 4",,,unmatched,,0
400,위례지하차도,서울특별시,송파구,2종,공공,"형식 : 박스형 / 연장 : 330.0 m, 차로수 : 4",,,unmatched,,0
401,경인2지하차도,서울특별시,양천구,2종,공공,"형식 : 박스형 / 연장 : 100.0 m, 차로수 : 4",,,unmatched,,0
402,등촌지하차도,서울특별시,양천구,2종,공공,"형식 : 박스형 / 연장 : 320.0 m, 차로수 : 4",37.517866,126.867767,matched,94963796;1498996813,2
403,오금지하차도,서울특별시,양천구,2종,공공,"형식 : 박스형 / 연장 : 100.0 m, 차로수 : 4",,,unmatched,,0
404,오목지하차도,서울특별시,양천구,2종,공공,"형식 : 박스형 / 연장 : 320.0 m, 차로수 : 4",37.525194,126.870749,matched,466007375,1
405,국회앞지하차도,서울특별시,영등포구,2종,공공,"형식 : 박스형 / 연장 : 292.0 m, 차로수 : 4",,,unmatched,,0
406,대방지하차도,서울특별시,영등포구,2종,공공,"형식 : 미등록 / 연장 : 150.0 m, 차로수 : 4",37.513031,126.925795,matched,45023399,1
407,신길지하차도,서울특별시,영등포구,2종,공공,"형식 : 미등록 / 연장 : 150.0 m, 차로수 : 4",37.504527,126.915546,matched,470660293;912394248,4
408,여의도 한강공원 지하차도,서울특별시,영등포구,2종,공공,"형식 : 박스형 / 연장 : 320.0 m, 차로수 : 2",,,unmatched,,0
409,남산2호터널입구지하차도,서울특별시,용산구,2종,공공,"형식 : 박스형 / 연장 : 110.0 m, 차로수 : 2",,,unmatched,,0
410,서빙고지하차도,서울특별시,용산구,2종,공공,"형식 : 박스형 / 연장 : 127.0 m, 차로수 : 2",37.518284,126.989213,matched,65388529;246253102,2
411,신용산지하차도,서울특별시,용산구,2종,공공,"형식 : 박스형 / 연장 : 187.0 m, 차로수 : 4",37.531258,126.966009,matched,170277500,1
412,이태원지하차도,서울특별시,용산구,2종,공공,"형식 : 박스형 / 연장 : 150.0 m, 차로수 : 4",,,unmatched,,0
413,한강대교동측지하차도,서울특별시,용산구,2종,공공,"형식 : 라멘형 / 연장 : 190.0 m, 차로수 : 2",,,unmatched,,0
414,신사지하차도,서울특별시,은평구,2종,공공,"형식 : 라멘형 / 연장 : 155.0 m, 차로수 : 4",37.598327,126.905717,matched,547855447;1055077193,2
415,증산지하차도,서울특별시,은평구,2종,공공,"형식 : 박스형 / 연장 : 221.0 m, 차로수 : 6",37.576643,126.901986,matched,614022895;779814480;779814481;779814483,4
416,중앙지하보차도,서울특별시,종로구,2종,공공,"형식 : 박스형 / 연장 : 209.0 m, 차로수 : 2",,,unmatched,,0
417,지하차도(쁘렝땅앞),서울특별시,중구,2종,공공,"형식 : 미등록 / 연장 : 108.0 m, 차로수 : 2",,,unmatched,,1
418,능산지하차도,서울특별시,중랑구,2종,공공,"형식 : 박스형 / 연장 : 156.0 m, 차로수 : 4",37.603072,127.100676,matched,167585374;1500211568,2
419,상봉지하차도,서울특별시,중랑구,2종,공공,"형식 : 박스형 / 연장 : 140.0 m, 차로수 : 4",,,unmatched,,0
420,용마지하차도,서울특별시,중랑구,2종,민간,"형식 : 박스형 / 연장 : 383.0 m, 차로수 : 4",,,unmatched,,0
421,중랑IC1지하차도,서울특별시,중랑구,2종,민간,"형식 : 박스형 / 연장 : 140.0 m, 차로수 : 1",,,unmatched,,0
422,고이지하차도,세종특별자치시,,2종,공공,"형식 : 박스형 / 연장 : 141.0 m, 차로수 : 4",,,unmatched,,0
423,나릿재지하차도,세종특별자치시,,2종,공공,"형식 : 박스형 / 연장 : 635.0 m, 차로수 : 2",36.484078,127.259659,matched,208558280,1
424,너래지하차도(지하차도-3),세종특별자치시,,2종,공공,"형식 : 박스형 / 연장 : 600.0 m, 차로수 : 2",36.529328,127.323312,matched,395974788,1
425,대평지하차도,세종특별자치시,,2종,공공,"형식 : 박스형 / 연장 : 164.0 m, 차로수 : 4",,,unmatched,,0
426,미르지하차도(지하차도-8),세종특별자치시,,2종,공공,"형식 : 박스형 / 연장 : 434.5 m, 차로수 : 2",36.537062,127.304629,matched,395974858,1
427,보람지하차도,세종특별자치시,,2종,공공,"형식 : 박스형 / 연장 : 159.0 m, 차로수 : 4",,,unmatched,,0
428,사름지하차도,세종특별자치시,,2종,공공,"형식 : 박스형 / 연장 : 365.0 m, 차로수 : 2",36.47904,127.262995,matched,170414600;219071323,2
429,새나루지하차도(외곽순환지하차도),세종특별자치시,,2종,공공,"형식 : 박스형 / 연장 : 218.0 m, 차로수 : 4",,,unmatched,,0
430,새롬지하차도,세종특별자치시,,2종,공공,"형식 : 박스형 / 연장 : 350.0 m, 차로수 : 2",36.491064,127.256527,matched,208558311,1
431,선샘지하차도(지하차도-4),세종특별자치시,,2종,공공,"형식 : 박스형 / 연장 : 505.0 m, 차로수 : 2",36.534899,127.315551,matched,395974841,1
432,성금지하차도,세종특별자치시,,2종,공공,"형식 : U-TYPE+RC1련BOX / 연장 : 300.0 m, 차로수 : 2",36.508463,127.261457,matched,208558326,1
433,수루배지하차도(BRT지하차도),세종특별자치시,,2종,공공,"형식 : 박스형 / 연장 : 255.0 m, 차로수 : 2",36.495356,127.306714,matched,362010362,1
434,아름지하차도,세종특별자치시,,2종,공공,"형식 : 박스형 / 연장 : 370.0 m, 차로수 : 2",,,unmatched,,0
435,어진지하차도,세종특별자치시,,2종,공공,"형식 : U-TYPE+BOX / 연장 : 202.0 m, 차로수 : 4",,,unmatched,,0
436,오롯지하차도(외곽순환지하차도),세종특별자치시,,2종,공공,"형식 : 박스형 / 연장 : 157.0 m, 차로수 : 4",,,unmatched,,0
437,집현지하차도,세종특별자치시,,2종,공공,"형식 : 박스형 / 연장 : 171.4 m, 차로수 : 4",,,unmatched,,0
438,호려울지하차도(BRT지하차도),세종특별자치시,,2종,공공,"형식 : 박스형 / 연장 : 279.7 m, 차로수 : 2",36.480528,127.293261,matched,362010360,1
439,삼산지하차도,울산광역시,남구,2종,공공,"형식 : 박스형 / 연장 : 270.0 m, 차로수 : 2",35.544174,129.355096,matched,64166570,1
440,삼호지하차도,울산광역시,남구,2종,공공,"형식 : 박스형 / 연장 : 130.0 m, 차로수 : 2",35.552972,129.270208,matched,178131571,1
441,옥현지하차도,울산광역시,남구,2종,공공,"형식 : 박스형 / 연장 : 180.0 m, 차로수 : 4",35.538502,129.266734,matched,1091624172;1091624173,2
442,예전개방형BOX,울산광역시,동구,2종,민간,"형식 : 개방형 BOX / 연장 : 163.0 m, 차로수 : 2",,,unmatched,,0
443,명촌본선지하차도,울산광역시,북구,2종,공공,"형식 : 미등록 / 연장 : 106.0 m, 차로수 : 4",35.549151,129.357628,matched,1087370978,1
444,상방지하차도,울산광역시,북구,2종,공공,"형식 : 박스형 / 연장 : 430.0 m, 차로수 : 4",35.581004,129.359954,matched,1086699401;1087021059;1087021060,3
445,화봉지하차도,울산광역시,북구,2종,공공,"형식 : 박스형 / 연장 : 235.0 m, 차로수 : 4",35.593135,129.357549,matched,1086699393;1086699396,2
446,반천산단진입도로 지하차도,울산광역시,울주군,2종,공공,"형식 : 박스형 / 연장 : 100.0 m, 차로수 : 4",,,unmatched,,0
447,처용지하차도,울산광역시,울주군,2종,공공,"형식 : 박스형 / 연장 : 140.0 m, 차로수 : 4",35.471119,129.338429,matched,281834095;1181818187,2
448,동천 지하차도,울산광역시,중구,2종,공공,"형식 : 박스형 / 연장 : 280.0 m, 차로수 : 4",35.560666,129.352093,matched,165686825,1
449,명정지하차도,울산광역시,중구,2종,공공,"형식 : 박스형 / 연장 : 455.0 m, 차로수 : 4",,,unmatched,,0
450,우정지하차도,울산광역시,중구,2종,공공,"형식 : 박스형 / 연장 : 274.0 m, 차로수 : 2",,,unmatched,,0
451,중구청 지하차도,울산광역시,중구,2종,공공,"형식 : 박스형 / 연장 : 470.0 m, 차로수 : 4",35.569242,129.331606,matched,1088100993;1088100995,2
452,계양지하차도,인천광역시,계양구,2종,공공,"형식 : 라멘형 / 연장 : 230.0 m, 차로수 : 4",,,unmatched,,0
453,임학지하차도,인천광역시,계양구,2종,공공,"형식 : 라멘형 / 연장 : 320.0 m, 차로수 : 4",,,unmatched,,0
454,간석지하차도,인천광역시,남동구,2종,공공,"형식 : 박스형 / 연장 : 140.0 m, 차로수 : 4",,,unmatched,,0
455,고잔지하차도,인천광역시,남동구,2종,공공,"형식 : 박스형 / 연장 : 200.0 m, 차로수 : 6",,,unmatched,,0
456,인천대공원앞 지하차도,인천광역시,남동구,2종,공공,"형식 : 박스형 / 연장 : 140.0 m, 차로수 : 4",,,unmatched,,0
457,해안지하차도,인천광역시,남동구,2종,공공,"형식 : 박스형 / 연장 : 200.0 m, 차로수 : 6",,,unmatched,,0
458,고속종점지하차도,인천광역시,미추홀구,2종,공공,"형식 : 박스형 / 연장 : 190.0 m, 차로수 : 4",,,unmatched,,0
459,석암지하차도,인천광역시,미추홀구,2종,공공,"형식 : 박스형 / 연장 : 208.0 m, 차로수 : 4",,,unmatched,,0
460,굴포천역지하차도,인천광역시,부평구,2종,공공,"형식 : 박스형 / 연장 : 180.0 m, 차로수 : 4",,,unmatched,,0
461,북인천지하차도,인천광역시,서구,2종,공공,"형식 : 박스형 / 연장 : 140.0 m, 차로수 : 4",,,unmatched,,0
462,석남지하차도,인천광역시,서구,2종,공공,"형식 : 박스형 / 연장 : 380.0 m, 차로수 : 2",,,unmatched,,0
463,연희지하차도,인천광역시,서구,2종,공공,"형식 : 박스형 / 연장 : 355.0 m, 차로수 : 4",,,unmatched,,0
464,왕길지하차도,인천광역시,서구,2종,공공,"형식 : 미등록 / 연장 : 140.0 m, 차로수 : 4",,,unmatched,,0
465,청라지하차도,인천광역시,서구,2종,공공,"형식 : 박스형 / 연장 : 610.0 m, 차로수 : 4",,,unmatched,,0
466,호수공원 1 지하차도,인천광역시,서구,2종,공공,"형식 : 박스형 / 연장 : 485.0 m, 차로수 : 6",,,unmatched,,0
467,호수공원 2 지하차도,인천광역시,서구,2종,공공,"형식 : 박스형 / 연장 : 485.0 m, 차로수 : 6",,,unmatched,,0
468,동춘지하차도,인천광역시,연수구,2종,공공,"형식 : 박스형 / 연장 : 210.0 m, 차로수 : 6",37.400944,126.655368,matched,233962733;313592397,2
469,선학지하차도,인천광역시,연수구,2종,공공,"형식 : 박스형 / 연장 : 240.0 m, 차로수 : 6",37.423249,126.698131,matched,71397820,1
470,송도지하차도,인천광역시,연수구,2종,공공,"형식 : 박스형 / 연장 : 200.0 m, 차로수 : 6",,,unmatched,,0
471,옹암지하차도,인천광역시,연수구,2종,공공,"형식 : 박스형 / 연장 : 250.0 m, 차로수 : 4",,,unmatched,,0
472,용담지하차도,인천광역시,연수구,2종,공공,"형식 : 박스형 / 연장 : 296.0 m, 차로수 : 2",,,unmatched,,0
473,청학지하차도,인천광역시,연수구,2종,공공,"형식 : 박스형 / 연장 : 474.0 m, 차로수 : 4",,,unmatched,,0
474,IBC-2 지하차도(북),인천광역시,중구,2종,공공,"형식 : 박스형 / 연장 : 113.0 m, 차로수 : 2",,,unmatched,,0
475,그린나래지하차도,인천광역시,중구,2종,공공,"형식 : 박스형 / 연장 : 280.0 m, 차로수 : 6",,,unmatched,,0
476,버스승강장 지하차도,인천광역시,중구,2종,공공,"형식 : RC BOX / 연장 : 150.0 m, 차로수 : 2",,,unmatched,,0
477,삼목선착장지하차도,인천광역시,중구,2종,공공,"형식 : U-Type, Box-Type / 연장 : 280.0 m, 차로수 : 2",37.497354,126.453944,matched,530819784,1
478,용유지하차도,인천광역시,중구,2종,공공,"형식 : 박스형 / 연장 : 109.0 m, 차로수 : 3",,,unmatched,,0
479,푸른나래지하차도,인천광역시,중구,2종,공공,"형식 : 박스형 / 연장 : 310.0 m, 차로수 : 6",,,unmatched,,0
480,항공단지 지하차도(남),인천광역시,중구,2종,공공,"형식 : 박스형 / 연장 : 105.0 m, 차로수 : 2",,,unmatched,,0
481,해찬나래지하차도,인천광역시,중구,2종,공공,"형식 : 박스형 / 연장 : 256.0 m, 차로수 : 6",,,unmatched,,0
482,화물터미널 지하차도 직반송로,인천광역시,중구,2종,공공,"형식 : 박스형 / 연장 : 332.4 m, 차로수 : 4",,,unmatched,,0
483,용정지하차도,전라남도,고흥군,2종,공공,"형식 : 미등록 / 연장 : 300.0 m, 차로수 : 1",,,unmatched,,0
484,우치고개지하차도,전라남도,곡성군,2종,공공,"형식 : 박스형 / 연장 : 200.0 m, 차로수 : 4",,,unmatched,,0
485,정산지하차도,전라남도,광양시,2종,공공,"형식 : 박스형 / 연장 : 110.0 m, 차로수 : 4",,,unmatched,,0
486,석창지하차도,전라남도,여수시,2종,공공,"형식 : 미등록 / 연장 : 160.0 m, 차로수 : 4",34.78421,127.662784,matched,568375321;568375324,2
487,엑스포지하차도,전라남도,여수시,2종,공공,"형식 : 박스형 / 연장 : 100.0 m, 차로수 : 4",34.748569,127.745466,matched,163128780;163128781,2
488,장성 지하차도,전라남도,장성군,2종,공공,"형식 : 박스형 / 연장 : 233.0 m, 차로수 : 2",,,unmatched,,0
489,월곡지하차도,전라북도,고창군,2종,공공,"형식 : 라멘형 / 연장 : 120.0 m, 차로수 : 4",,,unmatched,,0
490,예술의전당 지하차도,전라북도,군산시,2종,공공,"형식 : 박스형 / 연장 : 460.0 m, 차로수 : 4",35.960729,126.705035,matched,919614030;919614031,2
491,서흥지하차도,전라북도,김제시,2종,공공,"형식 : 박스형 / 연장 : 120.0 m, 차로수 : 4",,,unmatched,,0
492,다송1지하도(상),전라북도,익산시,2종,공공,"형식 : 박스형 / 연장 : 130.0 m, 차로수 : 2",,,unmatched,,0
493,숭림사생태통로,전라북도,익산시,2종,공공,"형식 : 박스형 / 연장 : 170.0 m, 차로수 : 2",,,unmatched,,0
494,중앙지하차도,전라북도,익산시,2종,공공,"형식 : 박스형 / 연장 : 499.0 m, 차로수 : 4",35.940761,126.943975,matched,548546017;687180573,2
495,하나로 지하차도,전라북도,익산시,2종,공공,"형식 : 박스형 / 연장 : 172.0 m, 차로수 : 4",36.043576,126.990887,matched,726827647;1013277581,2
496,싸리재지하차도,전라북도,장수군,2종,공공,"형식 : 박스형 / 연장 : 280.0 m, 차로수 : 5",,,unmatched,,0
497,27호광장 지하차도,전라북도,전주시,2종,공공,"형식 : 미등록 / 연장 : 460.0 m, 차로수 : 2",35.833861,127.122736,matched,37396149,1
498,대학로지하차도,전라북도,전주시,2종,공공,"형식 : 박스형 / 연장 : 325.0 m, 차로수 : 4",,,ambiguous,37020085;1368399512;107036320;979459442,4
499,안덕원지하차도,전라북도,전주시,2종,공공,"형식 : 박스형 / 연장 : 435.0 m, 차로수 : 4",35.840122,127.168963,matched,37661830;979592252,2
500,월드컵지하차도,전라북도,전주시,2종,공공,"형식 : 박스형 / 연장 : 140.0 m, 차로수 : 4",,,unmatched,,2
501,정읍지하차도,전라북도,정읍시,2종,공공,"형식 : 박스형 / 연장 : 402.0 m, 차로수 : 4",,,unmatched,,0
502,정주지하차도,전라북도,정읍시,2종,공공,"형식 : 박스형 / 연장 : 240.0 m, 차로수 : 6",,,unmatched,,0
503,2냉연 물류운송용 지하차도,충청남도,당진시,2종,민간,"형식 : 박스형 / 연장 : 315.0 m, 차로수 : 2",,,unmatched,,0
504,가곡지하차도,충청남도,당진시,2종,공공,"형식 : 미등록 / 연장 : 120.0 m, 차로수 : 4",,,unmatched,,1
505,고대지하차도,충청남도,당진시,2종,공공,"형식 : 박스형 / 연장 : 440.0 m, 차로수 : 4",,,unmatched,,0
506,동곡지하차도,충청남도,당진시,2종,공공,"형식 : 미등록 / 연장 : 120.0 m, 차로수 : 4",,,unmatched,,0
507,군도6호선 지하차도,충청남도,서천군,2종,공공,"형식 : 박스형 / 연장 : 350.0 m, 차로수 : 2",,,unmatched,,0
508,세교지하차도,충청남도,아산시,2종,공공,"형식 : 박스형 / 연장 : 438.5 m, 차로수 : 6",36.782157,127.093683,matched,480141268;480141273;480141274;480141277,4
509,송용지하차도,충청남도,아산시,2종,공공,"형식 : 직사각형 / 연장 : 145.0 m, 차로수 : 6",,,unmatched,,0
510,장재지하차도,충청남도,아산시,2종,공공,"형식 : 박스형 / 연장 : 430.0 m, 차로수 : 8",36.784434,127.10973,matched,117302433;479984207,2
511,나들목 지하차도,충청남도,천안시,2종,공공,"형식 : 박스형 / 연장 : 355.1 m, 차로수 : 4",,,unmatched,,0
512,두정지하차도,충청남도,천안시,2종,공공,"형식 : 박스형 / 연장 : 170.0 m, 차로수 : 4",36.838701,127.151459,matched,189630465;189630473,2
513,번영로지하차도,충청남도,천안시,2종,공공,"형식 : 박스형 / 연장 : 140.0 m, 차로수 : 4",36.801576,127.10553,matched,480240816;480240820,2
514,성성지하차도,충청남도,천안시,2종,공공,"형식 : 박스형 / 연장 : 300.0 m, 차로수 : 3",36.838657,127.118908,matched,478007737,1
515,직산지하차도,충청남도,천안시,2종,공공,"형식 : 박스형 / 연장 : 130.0 m, 차로수 : 4",36.876596,127.146594,matched,779805262;779805263,2
516,단양지하차도,충청북도,단양군,2종,공공,"형식 : 박스형 / 연장 : 120.0 m, 차로수 : 4",,,unmatched,,0
517,고명지하차도,충청북도,제천시,2종,공공,"형식 : 박스형 / 연장 : 168.0 m, 차로수 : 4",37.118004,128.229196,matched,81243703;785328394,2
518,궁평2지하차도,충청북도,청주시,2종,공공,"형식 : 박스형 / 연장 : 430.0 m, 차로수 : 4",,,unmatched,,0
519,오송바이오폴리스지하차도,충청북도,청주시,2종,공공,"형식 : 박스형 / 연장 : 455.0 m, 차로수 : 6",,,unmatched,,0
520,오창지하차도,충청북도,청주시,2종,공공,"형식 : 박스형 / 연장 : 260.0 m, 차로수 : 4",,,unmatched,,0
521,용암지하차도,충청북도,청주시,2종,공공,"형식 : 박스형 / 연장 : 470.0 m, 차로수 : 4",36.6195,127.516557,matched,456761113;1499319564,2
522,터미널 지하차도,충청북도,청주시,2종,공공,"형식 : 박스형 / 연장 : 480.0 m, 차로수 : 4",36.626966,127.429576,matched,216612377;216612378,2
523,학평지하차도,충청북도,청주시,2종,공공,"형식 : 박스형 / 연장 : 155.0 m, 차로수 : 4",,,unmatched,,0
524,입암지하차도,강원특별자치도,강릉시,3종,공공,"형식 : 박스형 / 연장 : 45.0 m, 차로수 : 2",37.756922,128.908744,matched,302749407;1499992384,2
525,교동지하차도,강원특별자치도,속초시,3종,공공,"형식 : 박스형 / 연장 : 70.0 m, 차로수 : 4",38.204572,128.56658,matched,483123005,1
526,능곡지하차도,경기도,고양시,3종,공공,"형식 : 미등록 / 연장 : 96.0 m, 차로수 : 6",,,ambiguous,442996993;443036158;554271056,3
527,동골지하차도,경기도,고양시,3종,공공,"형식 : 미등록 / 연장 : 70.0 m, 차로수 : 2",37.680402,126.774175,matched,639570090,1
528,성사주교지하차도,경기도,고양시,3종,공공,"형식 : 미등록 / 연장 : 82.0 m, 차로수 : 2",37.660111,126.836665,matched,551415236,1
529,식사 지하차도,경기도,고양시,3종,공공,-,,,unmatched,,0
530,안곡습지 생태통로,경기도,고양시,3종,공공,"형식 : 미등록 / 연장 : 36.0 m, 차로수 : 2",,,unmatched,,0
531,장항지하차도,경기도,고양시,3종,공공,"형식 : 박스형 / 연장 : 99.0 m, 차로수 : 6",37.653002,126.77069,matched,296974473;553286913,2
532,화전역지하차도,경기도,고양시,3종,공공,"형식 : 박스형 / 연장 : 276.0 m, 차로수 : 2",,,unmatched,,0
533,화전지하차도(항공대),경기도,고양시,3종,공공,"형식 : 미등록 / 연장 : 214.0 m, 차로수 : 4",37.602582,126.86884,matched,1204850115;1204850116,2
534,가학삼거리 통로BOX,경기도,광명시,3종,공공,"형식 : 미등록 / 연장 : 25.0 m, 차로수 : 1",,,unmatched,,0
535,광명IC지하차도,경기도,광명시,3종,공공,"형식 : 박스형 / 연장 : 35.0 m, 차로수 : 4",,,unmatched,,0
536,구석마을 통로BOX,경기도,광명시,3종,공공,"형식 : 미등록 / 연장 : 40.0 m, 차로수 : 1",,,unmatched,,0
537,뒷골1 통로BOX,경기도,광명시,3종,공공,"형식 : 미등록 / 연장 : 32.0 m, 차로수 : 1",,,unmatched,,0
538,뒷골2 통로BOX,경기도,광명시,3종,공공,"형식 : 미등록 / 연장 : 31.0 m, 차로수 : 1",,,unmatched,,0
539,뒷골3 통로BOX,경기도,광명시,3종,공공,"형식 : 미등록 / 연장 : 35.0 m, 차로수 : 1",,,unmatched,,0
540,식곡1통로박스,경기도,광명시,3종,공공,"형식 : 박스형 / 연장 : 33.0 m, 차로수 : 1",,,unmatched,,0
541,식곡2 통로박스,경기도,광명시,3종,공공,"형식 : 미등록 / 연장 : 30.0 m, 차로수 : 1",,,unmatched,,0
542,식곡3통로박스,경기도,광명시,3종,공공,"형식 : 박스형 / 연장 : 35.5 m, 차로수 : 1",,,unmatched,,0
543,애기능 통로박스,경기도,광명시,3종,공공,"형식 : 박스형 / 연장 : 55.0 m, 차로수 : 1",,,unmatched,,0
544,양지교차로 통로BOX(오리로),경기도,광명시,3종,공공,"형식 : 미등록 / 연장 : 42.7 m, 차로수 : 1",,,unmatched,,0
545,양지교차로2 통로BOX,경기도,광명시,3종,공공,"형식 : 미등록 / 연장 : 50.2 m, 차로수 : 1",,,unmatched,,0
546,옥길 통로박스,경기도,광명시,3종,공공,"형식 : 미등록 / 연장 : 21.0 m, 차로수 : 1",,,unmatched,,0
547,이주단지 앞 통로BOX,경기도,광명시,3종,공공,"형식 : 미등록 / 연장 : 30.0 m, 차로수 : 1",,,unmatched,,0
548,철산지하차도,경기도,광명시,3종,공공,"형식 : 미등록 / 연장 : 90.0 m, 차로수 : 4",,,unmatched,,0
549,밀목지하보행로,경기도,광주시,3종,공공,"형식 : 미등록 / 연장 : 30.0 m, 차로수 : 1",,,unmatched,,0
550,당동 지하차도,경기도,군포시,3종,공공,"형식 : 미등록 / 연장 : 89.0 m, 차로수 : 2",,,unmatched,,0
551,삼패동물이동통로,경기도,남양주시,3종,공공,"형식 : 미등록 / 연장 : 46.0 m, 차로수 : 4",,,unmatched,,0
552,양정역 철도통로,경기도,남양주시,3종,공공,"형식 : 미등록 / 연장 : 90.0 m, 차로수 : 2",,,unmatched,,0
553,중촌1지하차도,경기도,남양주시,3종,공공,"형식 : 미등록 / 연장 : 10.0 m, 차로수 : 1",,,unmatched,,0
554,중촌2지하차도,경기도,남양주시,3종,공공,"형식 : 미등록 / 연장 : 30.0 m, 차로수 : 1",,,unmatched,,0
555,평내지하차도,경기도,남양주시,3종,공공,"형식 : 미등록 / 연장 : 70.0 m, 차로수 : 4",,,unmatched,,0
556,소명지하차도,경기도,부천시,3종,공공,"형식 : 박스형 / 연장 : 266.0 m, 차로수 : 2",37.482989,126.788634,matched,222603508;317148735;317148752;317148753,4
557,역곡지하차도,경기도,부천시,3종,공공,"형식 : 미등록 / 연장 : 37.6 m, 차로수 : 2",,,unmatched,,0
558,오정휴먼시아 지하차도,경기도,부천시,3종,공공,"형식 : 미등록 / 연장 : 50.0 m, 차로수 : 2",,,unmatched,,0
559,계원지하보도,경기도,성남시,3종,공공,"형식 : 미등록 / 연장 : 22.4 m, 차로수 : 1",,,unmatched,,0
560,구미지하보도,경기도,성남시,3종,공공,"형식 : 미등록 / 연장 : 35.4 m, 차로수 : 1",,,unmatched,,0
561,금곡지하보도,경기도,성남시,3종,공공,"형식 : 미등록 / 연장 : 46.5 m, 차로수 : 1",,,unmatched,,0
562,내정지하보도,경기도,성남시,3종,공공,"형식 : 미등록 / 연장 : 39.4 m, 차로수 : 1",,,unmatched,,0
563,두밀지하보도,경기도,성남시,3종,공공,"형식 : 박스형 / 연장 : 50.6 m, 차로수 : 2",,,unmatched,,0
564,미금지하보도,경기도,성남시,3종,공공,"형식 : 미등록 / 연장 : 52.1 m, 차로수 : 1",,,unmatched,,0
565,백궁지하보도,경기도,성남시,3종,공공,"형식 : 미등록 / 연장 : 45.8 m, 차로수 : 1",,,unmatched,,0
566,벌말지하차도,경기도,성남시,3종,공공,"형식 : 미등록 / 연장 : 85.0 m, 차로수 : 3",,,unmatched,,0
567,분당지하보도,경기도,성남시,3종,공공,"형식 : 미등록 / 연장 : 39.8 m, 차로수 : 1",,,unmatched,,0
568,불정지하보도,경기도,성남시,3종,공공,"형식 : 미등록 / 연장 : 63.9 m, 차로수 : 1",,,unmatched,,0
569,서당지하보도,경기도,성남시,3종,공공,"형식 : 미등록 / 연장 : 50.8 m, 차로수 : 1",,,unmatched,,0
570,서현지하차도,경기도,성남시,3종,공공,"형식 : 미등록 / 연장 : 84.0 m, 차로수 : 6",,,unmatched,,0
571,송현지하차도,경기도,성남시,3종,공공,"형식 : 박스형 / 연장 : 85.0 m, 차로수 : 4",,,unmatched,,0
572,수내지하보도,경기도,성남시,3종,공공,"형식 : 미등록 / 연장 : 18.6 m, 차로수 : 1",,,unmatched,,0
573,숲풍지하차도,경기도,성남시,3종,공공,"형식 : 라멘형 / 연장 : 68.0 m, 차로수 : 4",37.40875,127.115247,matched,430186192,1
574,안말지하차도,경기도,성남시,3종,공공,"형식 : 미등록 / 연장 : 26.0 m, 차로수 : 4",37.389211,127.137702,matched,435425861;435891001,2
575,야생화지하보도,경기도,성남시,3종,공공,"형식 : 미등록 / 연장 : 48.8 m, 차로수 : 1",,,unmatched,,0
576,여수지하보도,경기도,성남시,3종,공공,"형식 : 박스형 / 연장 : 67.3 m, 차로수 : 2",,,unmatched,,0
577,이매1지하보도,경기도,성남시,3종,공공,"형식 : 미등록 / 연장 : 29.3 m, 차로수 : 1",,,unmatched,,0
578,이매2지하보도,경기도,성남시,3종,공공,"형식 : 미등록 / 연장 : 33.1 m, 차로수 : 1",,,unmatched,,0
579,이매지하보도,경기도,성남시,3종,공공,"형식 : 미등록 / 연장 : 49.4 m, 차로수 : 1",,,unmatched,,0
580,정든지하보도,경기도,성남시,3종,공공,"형식 : 미등록 / 연장 : 26.0 m, 차로수 : 1",,,unmatched,,0
581,정자지하보도,경기도,성남시,3종,공공,"형식 : 미등록 / 연장 : 39.1 m, 차로수 : 1",,,unmatched,,0
582,중원지하보도,경기도,성남시,3종,공공,"형식 : 미등록 / 연장 : 23.7 m, 차로수 : 2",,,unmatched,,0
583,초림지하차도,경기도,성남시,3종,공공,"형식 : 미등록 / 연장 : 83.0 m, 차로수 : 6",,,unmatched,,0
584,탄천1지하보도,경기도,성남시,3종,공공,"형식 : 미등록 / 연장 : 58.1 m, 차로수 : 1",,,unmatched,,0
585,탄천2지하보도,경기도,성남시,3종,공공,"형식 : 미등록 / 연장 : 32.6 m, 차로수 : 1",,,unmatched,,0
586,탄천3지하보도,경기도,성남시,3종,공공,"형식 : 미등록 / 연장 : 32.6 m, 차로수 : 1",,,unmatched,,0
587,탄천4지하보도,경기도,성남시,3종,공공,"형식 : 미등록 / 연장 : 35.3 m, 차로수 : 1",,,unmatched,,0
588,탄천5지하보도,경기도,성남시,3종,공공,"형식 : 미등록 / 연장 : 44.1 m, 차로수 : 1",,,unmatched,,0
589,탑마을지하보도,경기도,성남시,3종,공공,"형식 : 미등록 / 연장 : 30.5 m, 차로수 : 1",,,unmatched,,0
590,태원지하보도,경기도,성남시,3종,공공,"형식 : 미등록 / 연장 : 53.1 m, 차로수 : 1",,,unmatched,,0
591,태평지하차도(1),경기도,성남시,3종,공공,"형식 : 박스형 / 연장 : 80.0 m, 차로수 : 6",,,unmatched,,0
592,태평지하차도(2),경기도,성남시,3종,공공,"형식 : 라멘형 / 연장 : 80.0 m, 차로수 : 6",,,unmatched,,0
593,하탑지하보도,경기도,성남시,3종,공공,"형식 : 미등록 / 연장 : 53.5 m, 차로수 : 1",,,unmatched,,0
594,황새울지하보도,경기도,성남시,3종,공공,"형식 : 미등록 / 연장 : 51.8 m, 차로수 : 1",,,unmatched,,0
595,고향의봄길지하차도,경기도,수원시,3종,공공,"형식 : 박스형 / 연장 : 40.0 m, 차로수 : 2",,,unmatched,,0
596,당암지하차도,경기도,수원시,3종,공공,"형식 : 미등록 / 연장 : 188.0 m, 차로수 : 4",37.243902,127.061255,matched,140011610,1
597,대황교지하차도,경기도,수원시,3종,공공,"형식 : 미등록 / 연장 : 382.0 m, 차로수 : 4",,,unmatched,,0
598,매원지하보도,경기도,수원시,3종,공공,"형식 : 미등록 / 연장 : 30.0 m, 차로수 : 9",,,unmatched,,0
599,밤꽃마을지하차도,경기도,수원시,3종,공공,"형식 : 미등록 / 연장 : 270.0 m, 차로수 : 2",,,unmatched,,0
600,벽적골지하보도,경기도,수원시,3종,공공,"형식 : 미등록 / 연장 : 46.5 m, 차로수 : 2",,,unmatched,,0
601,비상활주로지하보도,경기도,수원시,3종,공공,"형식 : 미등록 / 연장 : 95.0 m, 차로수 : 1",,,unmatched,,0
602,살구골지하보도,경기도,수원시,3종,공공,"형식 : 미등록 / 연장 : 39.0 m, 차로수 : 2",,,unmatched,,0
603,새터지하차도,경기도,수원시,3종,공공,"형식 : 미등록 / 연장 : 94.3 m, 차로수 : 2",37.254199,127.007079,matched,471469306,1
604,세평지하차도,경기도,수원시,3종,공공,-,37.261927,127.002964,matched,106520488;589958519;589958520;1499599353;1499599354;1499599358,6
605,쑥고개지하보도,경기도,수원시,3종,공공,"형식 : 미등록 / 연장 : 32.0 m, 차로수 : 2",,,unmatched,,0
606,영생지하차도,경기도,수원시,3종,공공,"형식 : 미등록 / 연장 : 42.0 m, 차로수 : 2",,,unmatched,,0
607,웃거리지하보도,경기도,수원시,3종,공공,"형식 : 미등록 / 연장 : 32.0 m, 차로수 : 1",,,unmatched,,0
608,율전지하도,경기도,수원시,3종,공공,"형식 : 미등록 / 연장 : 37.3 m, 차로수 : 2",,,unmatched,,0
609,이목지하차도,경기도,수원시,3종,공공,"형식 : 미등록 / 연장 : 140.0 m, 차로수 : 4",,,unmatched,,0
610,일월지하보도,경기도,수원시,3종,공공,"형식 : 미등록 / 연장 : 46.8 m, 차로수 : 1",,,unmatched,,0
611,탑동지하차도,경기도,수원시,3종,공공,"형식 : 미등록 / 연장 : 700.0 m, 차로수 : 4",37.274148,126.969166,matched,478423479;1015364875,2
612,태장지하보도,경기도,수원시,3종,공공,"형식 : 미등록 / 연장 : 50.0 m, 차로수 : 2",,,unmatched,,0
613,하유지하차도,경기도,수원시,3종,공공,"형식 : 미등록 / 연장 : 96.0 m, 차로수 : 2",,,unmatched,,0
614,화산지하차도,경기도,수원시,3종,공공,"형식 : 박스형 / 연장 : 50.0 m, 차로수 : 4",37.285631,126.989006,matched,102532332,1
615,논곡지하차도,경기도,시흥시,3종,공공,"형식 : 미등록 / 연장 : 20.0 m, 차로수 : 2",,,unmatched,,0
616,능곡지하차도,경기도,시흥시,3종,공공,"형식 : 라멘형 / 연장 : 70.0 m, 차로수 : 4",,,ambiguous,442996993;443036158;554271056,3
617,도창지하차도,경기도,시흥시,3종,공공,"형식 : 미등록 / 연장 : 20.0 m, 차로수 : 2",,,unmatched,,0
618,목감IC 지하차도,경기도,시흥시,3종,공공,"형식 : 박스형 / 연장 : 430.0 m, 차로수 : 4",,,unmatched,,0
619,안산역 지하차도,경기도,안산시,3종,공공,"형식 : 박스형 / 연장 : 372.0 m, 차로수 : 4",37.32909,126.787152,matched,481000698;587135259,2
620,팔곡지하차도,경기도,안산시,3종,공공,"형식 : 미등록 / 연장 : 80.0 m, 차로수 : 2",,,unmatched,,0
621,고은지하차도,경기도,안성시,3종,공공,"형식 : RC BOX / 연장 : 31.0 m, 차로수 : 2",37.135162,127.441467,matched,548181805,1
622,관악역 앞 지하보도,경기도,안양시,3종,공공,"형식 : 미등록 / 연장 : 55.0 m, 차로수 : 2",,,unmatched,,0
623,뉴코아백화점 앞 지하보도,경기도,안양시,3종,공공,"형식 : 미등록 / 연장 : 46.0 m, 차로수 : 1",,,unmatched,,0
624,대림대학교 앞 지하보도,경기도,안양시,3종,공공,"형식 : 미등록 / 연장 : 46.0 m, 차로수 : 1",,,unmatched,,0
625,만안초교 앞 지하보도,경기도,안양시,3종,공공,"형식 : 박스형 / 연장 : 30.9 m, 차로수 : 2",,,unmatched,,0
626,명학지하차도,경기도,안양시,3종,공공,"형식 : 미등록 / 연장 : 55.0 m, 차로수 : 2",,,unmatched,,0
627,부림중학교 앞 지하보도,경기도,안양시,3종,공공,"형식 : 미등록 / 연장 : 48.8 m, 차로수 : 1",,,unmatched,,0
628,비산주유소 앞 지하보도,경기도,안양시,3종,공공,"형식 : 미등록 / 연장 : 46.0 m, 차로수 : 1",,,unmatched,,0
629,서안양우체국사거리 지하보도,경기도,안양시,3종,공공,"형식 : 박스형 / 연장 : 31.5 m, 차로수 : 2",,,unmatched,,0
630,석수동대림(아) 앞 지하보도,경기도,안양시,3종,공공,"형식 : 박스형 / 연장 : 51.5 m, 차로수 : 2",,,unmatched,,0
631,시청 앞 지하보도,경기도,안양시,3종,공공,"형식 : 미등록 / 연장 : 46.0 m, 차로수 : 1",,,unmatched,,0
632,신기중학교 앞 지하보도,경기도,안양시,3종,공공,"형식 : 미등록 / 연장 : 89.8 m, 차로수 : 1",,,unmatched,,0
633,예술공원 지하차도,경기도,안양시,3종,공공,"형식 : 미등록 / 연장 : 25.0 m, 차로수 : 2",37.411117,126.915306,matched,380336909,1
634,우편집중국 앞 지하보도,경기도,안양시,3종,공공,"형식 : 미등록 / 연장 : 48.8 m, 차로수 : 1",,,unmatched,,0
635,제일은행 앞 지하보도,경기도,안양시,3종,공공,"형식 : 미등록 / 연장 : 46.0 m, 차로수 : 1",,,unmatched,,0
636,조선일보사 앞 지하보도,경기도,안양시,3종,공공,"형식 : 미등록 / 연장 : 30.8 m, 차로수 : 1",,,unmatched,,0
637,주접 지하차도,경기도,안양시,3종,공공,"형식 : 미등록 / 연장 : 26.5 m, 차로수 : 3",,,unmatched,,0
638,중앙초교 앞 지하보도,경기도,안양시,3종,공공,"형식 : 미등록 / 연장 : 46.0 m, 차로수 : 1",,,unmatched,,0
639,청원 지하차도,경기도,안양시,3종,공공,"형식 : 미등록 / 연장 : 33.0 m, 차로수 : 2",37.405735,126.919643,matched,380194337,1
640,평촌역 중소기업은행 앞 지하보도,경기도,안양시,3종,공공,"형식 : 미등록 / 연장 : 48.0 m, 차로수 : 1",,,unmatched,,0
641,학원가 앞 지하보도,경기도,안양시,3종,공공,"형식 : 미등록 / 연장 : 48.8 m, 차로수 : 1",,,unmatched,,0
642,호계시장 앞 지하보도,경기도,안양시,3종,공공,"형식 : 미등록 / 연장 : 46.0 m, 차로수 : 1",,,unmatched,,0
643,송추지하차도,경기도,양주시,3종,공공,"형식 : 미등록 / 연장 : 138.0 m, 차로수 : 4",37.712703,126.962953,matched,86199072;1499883487,2
644,온골지하차도,경기도,연천군,3종,공공,"형식 : 박스형 / 연장 : 85.0 m, 차로수 : 4",,,unmatched,,1
645,우암지하차도,경기도,연천군,3종,공공,"형식 : 미등록 / 연장 : 40.0 m, 차로수 : 4",,,unmatched,,0
646,궐동지하도,경기도,오산시,3종,공공,"형식 : 박스형 / 연장 : 31.4 m, 차로수 : 2",,,unmatched,,0
647,남촌(성호)지하도,경기도,오산시,3종,공공,"형식 : 박스형 / 연장 : 40.0 m, 차로수 : 4",,,unmatched,,0
648,농서지하차도,경기도,용인시,3종,공공,"형식 : 미등록 / 연장 : 54.0 m, 차로수 : 4",37.223283,127.082475,matched,139939979,1
649,삼막곡제2지하차도,경기도,용인시,3종,공공,"형식 : 박스형 / 연장 : 142.7 m, 차로수 : 4",37.295222,127.099447,matched,461687693;834424401,2
650,삼막곡터널,경기도,용인시,3종,공공,"형식 : 박스형 / 연장 : 62.0 m, 차로수 : 6",,,unmatched,,0
651,청덕지하차도,경기도,용인시,3종,공공,"형식 : 박스형 / 연장 : 301.7 m, 차로수 : 4",,,unmatched,,0
652,비전지하차도,경기도,평택시,3종,공공,"형식 : 미등록 / 연장 : 80.0 m, 차로수 : 4",,,unmatched,,0
653,서정지하차도,경기도,평택시,3종,공공,"형식 : 박스형 / 연장 : 48.0 m, 차로수 : 2",37.066503,127.054146,matched,477456497,1
654,서탄지하차도,경기도,평택시,3종,공공,"형식 : 박스형 / 연장 : 30.0 m, 차로수 : 3",,,unmatched,,0
655,송탄지하차도,경기도,평택시,3종,공공,"형식 : 미등록 / 연장 : 27.0 m, 차로수 : 2",,,unmatched,,0
656,신대지하차도,경기도,평택시,3종,공공,"형식 : 미등록 / 연장 : 35.0 m, 차로수 : 4",,,unmatched,,0
657,유천지하차도,경기도,평택시,3종,공공,"형식 : 박스형 / 연장 : 28.0 m, 차로수 : 2",,,unmatched,,0
658,은실지하차도,경기도,평택시,3종,공공,"형식 : 박스형 / 연장 : 30.0 m, 차로수 : 2",,,unmatched,,0
659,통복지하차도,경기도,평택시,3종,공공,"형식 : 박스형 / 연장 : 52.0 m, 차로수 : 2",,,unmatched,,0
660,하북지하차도,경기도,평택시,3종,공공,"형식 : 박스형 / 연장 : 37.0 m, 차로수 : 2",,,unmatched,,0
661,위례지하보차도,경기도,하남시,3종,공공,"형식 : 박스형 / 연장 : 49.0 m, 차로수 : 3",,,unmatched,,0
662,창우지하차도,경기도,하남시,3종,공공,"형식 : 박스형 / 연장 : 46.0 m, 차로수 : 4",,,unmatched,,0
663,구목포지하차도,경기도,화성시,3종,공공,"형식 : 박스형 / 연장 : 25.0 m, 차로수 : 4",37.200198,127.039107,matched,325116835,1
664,매송지하차도,경기도,화성시,3종,공공,"형식 : 박스형 / 연장 : 55.0 m, 차로수 : 4",,,unmatched,,0
665,반정지하차도,경기도,화성시,3종,공공,"형식 : 박스형 / 연장 : 59.6 m, 차로수 : 2",,,unmatched,,0
666,병점1교 지하차도,경기도,화성시,3종,공공,"형식 : 미등록 / 연장 : 66.6 m, 차로수 : 2",,,unmatched,,0
667,양산지하차도,경기도,화성시,3종,공공,"형식 : 박스형 / 연장 : 86.8 m, 차로수 : 2",,,unmatched,,0
668,황계지하차도,경기도,화성시,3종,공공,"형식 : 박스형 / 연장 : 71.4 m, 차로수 : 2",,,unmatched,,0
669,효원지하차도,경기도,화성시,3종,공공,"형식 : RC옹벽 / 연장 : 11.0 m, 차로수 : 2",,,unmatched,,0
670,귀목정지하차도,경상남도,거제시,3종,공공,"형식 : 박스형 / 연장 : 21.0 m, 차로수 : 1",,,unmatched,,0
671,수창아파트 앞 지하차도,경상남도,거제시,3종,공공,"형식 : 박스형 / 연장 : 25.7 m, 차로수 : 2",,,unmatched,,0
672,옥산지하차도,경상남도,거제시,3종,공공,"형식 : 박스형 / 연장 : 27.0 m, 차로수 : 1",35.823884,128.725501,matched,153512940,1
673,장평지하차도,경상남도,거제시,3종,공공,"형식 : 박스형 / 연장 : 54.9 m, 차로수 : 2",35.085487,128.981929,matched,1150052930;1150052938,2
674,코아루 앞 지하차도,경상남도,거제시,3종,공공,"형식 : 박스형 / 연장 : 30.0 m, 차로수 : 1",,,unmatched,,0
675,화원1지하차도,경상남도,거제시,3종,공공,"형식 : 박스형 / 연장 : 27.0 m, 차로수 : 2",,,unmatched,,0
676,화원2지하차도,경상남도,거제시,3종,공공,"형식 : 박스형 / 연장 : 23.0 m, 차로수 : 1",,,unmatched,,0
677,송학지하차도,경상남도,고성군,3종,공공,"형식 : 미등록 / 연장 : 23.0 m, 차로수 : 2",,,unmatched,,0
678,덕계지하차도,경상남도,양산시,3종,공공,"형식 : 미등록 / 연장 : 81.0 m, 차로수 : 2",,,unmatched,,0
679,남강지하차도,경상남도,진주시,3종,공공,"형식 : RC박스교 / 연장 : 293.0 m, 차로수 : 2",,,unmatched,,0
680,소계2지하차도,경상남도,창원시,3종,공공,"형식 : 미등록 / 연장 : 67.0 m, 차로수 : 5",,,unmatched,,0
681,팔용1지하차도,경상남도,창원시,3종,공공,"형식 : 미등록 / 연장 : 40.0 m, 차로수 : 2",,,unmatched,,0
682,팔용2지하차도,경상남도,창원시,3종,공공,"형식 : 미등록 / 연장 : 36.0 m, 차로수 : 2",,,unmatched,,0
683,건천지하차도,경상북도,경주시,3종,공공,"형식 : 박스형 / 연장 : 10.0 m, 차로수 : 2",,,unmatched,,0
684,배반지하차도,경상북도,경주시,3종,공공,"형식 : 4련 BOX / 연장 : 20.0 m, 차로수 : 5",,,unmatched,,0
685,유금3리 지하차도,경상북도,경주시,3종,공공,"형식 : 박스형 / 연장 : 14.0 m, 차로수 : 2",,,unmatched,,0
686,마곡지하차도,경상북도,김천시,3종,공공,"형식 : 미등록 / 연장 : 83.0 m, 차로수 : 1",,,unmatched,,0
687,법흥지하도,경상북도,안동시,3종,공공,"형식 : 미등록 / 연장 : 20.0 m, 차로수 : 2",,,unmatched,,0
688,서안동I.C지하차도,경상북도,안동시,3종,공공,"형식 : 박스형 / 연장 : 90.0 m, 차로수 : 4",,,unmatched,,0
689,시외버스터미널지하차도,경상북도,안동시,3종,공공,"형식 : 라멘형 / 연장 : 41.0 m, 차로수 : 4",,,unmatched,,0
690,예천지하차도,경상북도,예천군,3종,공공,"형식 : 박스형 / 연장 : 60.0 m, 차로수 : 4",,,unmatched,,0
691,왜관지하보·차도,경상북도,칠곡군,3종,공공,"형식 : 미등록 / 연장 : 56.0 m, 차로수 : 2",,,unmatched,,0
692,왜관지하차도,경상북도,칠곡군,3종,공공,"형식 : 박스형 / 연장 : 18.3 m, 차로수 : 4",,,unmatched,,0
693,천평지하차도,경상북도,칠곡군,3종,공공,"형식 : 미등록 / 연장 : 99.8 m, 차로수 : 3",,,unmatched,,0
694,산월JCT RAMP-G교,광주광역시,광산구,3종,민간,"형식 : 파형강판 / 연장 : 82.0 m, 차로수 : 2",,,unmatched,,0
695,송정지하차도,광주광역시,광산구,3종,공공,"형식 : 박스형 / 연장 : 50.0 m, 차로수 : 4",,,unmatched,,2
696,신창지하차도,광주광역시,광산구,3종,민간,"형식 : 박스형 / 연장 : 530.0 m, 차로수 : 6",,,unmatched,,0
697,광암지하보도,광주광역시,북구,3종,공공,"형식 : 미등록 / 연장 : 27.6 m, 차로수 : 1",,,unmatched,,0
698,문흥지하보도,광주광역시,북구,3종,공공,"형식 : 미등록 / 연장 : 30.0 m, 차로수 : 1",,,unmatched,,0
699,용전지하차도,광주광역시,북구,3종,공공,"형식 : 미등록 / 연장 : 22.4 m, 차로수 : 1",,,unmatched,,0
700,우석지하차도,광주광역시,북구,3종,공공,"형식 : 미등록 / 연장 : 8.0 m, 차로수 : 2",,,unmatched,,0
701,운암지하보도,광주광역시,북구,3종,공공,"형식 : 미등록 / 연장 : 25.0 m, 차로수 : 1",,,unmatched,,0
702,운암지하차도,광주광역시,북구,3종,공공,"형식 : 박스형 / 연장 : 20.0 m, 차로수 : 2",,,unmatched,,0
703,죽림지하차도,광주광역시,북구,3종,공공,"형식 : 미등록 / 연장 : 12.0 m, 차로수 : 2",,,unmatched,,0
704,대봉교지하차도,대구광역시,남구,3종,공공,"형식 : 라멘형 / 연장 : 90.0 m, 차로수 : 4",35.854934,128.607188,matched,37814146;37814149,2
705,중동교지하차도,대구광역시,남구,3종,공공,"형식 : 라멘형 / 연장 : 95.0 m, 차로수 : 4",35.841365,128.606316,matched,119746740;119746741,2
706,희망교지하차도,대구광역시,남구,3종,공공,"형식 : 라멘형 / 연장 : 90.0 m, 차로수 : 4",35.847441,128.605771,matched,120904551;120904553,2
707,대서지하차도,대구광역시,달서구,3종,공공,"형식 : 라멘형 / 연장 : 80.0 m, 차로수 : 4",35.820187,128.551321,matched,549193087;549193088,2
708,용산 지하차도,대구광역시,달서구,3종,공공,"형식 : 미등록 / 연장 : 259.0 m, 차로수 : 6",35.858798,128.524399,matched,402921729;662523783,2
709,서재지하차도,대구광역시,달성군,3종,공공,"형식 : 미등록 / 연장 : 49.0 m, 차로수 : 2",,,unmatched,,0
710,강촌지하도,대구광역시,동구,3종,공공,"형식 : 미등록 / 연장 : 65.3 m, 차로수 : 1",,,unmatched,,0
711,율하지하차도,대구광역시,동구,3종,공공,"형식 : 미등록 / 연장 : 52.0 m, 차로수 : 2",35.872219,128.695718,matched,177652619;1085851673;1085851674;1085851675;1085851676;1085851677;1085851678,7
712,해서지하차도,대구광역시,동구,3종,공공,"형식 : 미등록 / 연장 : 24.0 m, 차로수 : 2",,,unmatched,,0
713,효목네거리지하차도,대구광역시,동구,3종,공공,"형식 : 미등록 / 연장 : 300.0 m, 차로수 : 4",,,unmatched,,0
714,고촌지하차도,대구광역시,북구,3종,공공,"형식 : 미등록 / 연장 : 250.0 m, 차로수 : 2",35.915736,128.597713,matched,55692536,1
715,농수산지하차도,대구광역시,북구,3종,공공,"형식 : 박스형 / 연장 : 93.0 m, 차로수 : 2",,,unmatched,,0
716,대구역지하차도,대구광역시,북구,3종,공공,"형식 : 미등록 / 연장 : 235.0 m, 차로수 : 8",35.876148,128.594909,matched,32895747,1
717,도청교지하차도,대구광역시,북구,3종,공공,"형식 : 라멘형 / 연장 : 90.0 m, 차로수 : 4",,,unmatched,,0
718,성북교지하차도,대구광역시,북구,3종,공공,"형식 : 미등록 / 연장 : 90.0 m, 차로수 : 4",35.89264,128.592299,matched,532888812;532888814,2
719,매천대교지하차도,대구광역시,서구,3종,공공,"형식 : 미등록 / 연장 : 80.0 m, 차로수 : 4",,,unmatched,,0
720,상리지하차도,대구광역시,서구,3종,공공,"형식 : 미등록 / 연장 : 164.0 m, 차로수 : 4",35.882409,128.533011,matched,532888799,1
721,새방지하차도,대구광역시,서구,3종,공공,"형식 : 미등록 / 연장 : 71.0 m, 차로수 : 6",,,unmatched,,0
722,가천지하차도,대구광역시,수성구,3종,공공,"형식 : 라멘형 / 연장 : 10.2 m, 차로수 : 2",,,unmatched,,0
723,망우공원지하차도,대구광역시,수성구,3종,공공,"형식 : 라멘형 / 연장 : 50.0 m, 차로수 : 2",,,unmatched,,0
724,망우당네거리지하차도,대구광역시,수성구,3종,공공,"형식 : 라멘형 / 연장 : 57.3 m, 차로수 : 2",,,unmatched,,0
725,동신교지하차도,대구광역시,중구,3종,공공,"형식 : 라멘형 / 연장 : 90.0 m, 차로수 : 4",,,unmatched,,0
726,신천교지하차도,대구광역시,중구,3종,공공,"형식 : 라멘형 / 연장 : 95.0 m, 차로수 : 4",,,unmatched,,0
727,가오지하차도(복),대전광역시,동구,3종,공공,"형식 : 박스형 / 연장 : 25.0 m, 차로수 : 4",,,unmatched,,0
728,엑스포지하차도,대전광역시,서구,3종,공공,"형식 : 박스형 / 연장 : 85.7 m, 차로수 : 6",,,unmatched,,2
729,문현지하보도,부산광역시,남구,3종,공공,"형식 : 미등록 / 연장 : 59.0 m, 차로수 : 2",,,unmatched,,0
730,문현지하차도,부산광역시,남구,3종,공공,"형식 : 미등록 / 연장 : 260.0 m, 차로수 : 4",35.136886,129.067983,matched,74859422,1
731,부산진시장 지하차도,부산광역시,동구,3종,공공,"형식 : 박스형 / 연장 : 44.0 m, 차로수 : 2",35.137102,129.058369,matched,165201457,1
732,범일지하도,부산광역시,부산진구,3종,공공,"형식 : 박스형 / 연장 : 27.7 m, 차로수 : 2",,,unmatched,,0
733,구남 굴다리,부산광역시,북구,3종,공공,"형식 : 미등록 / 연장 : 26.0 m, 차로수 : 2",,,unmatched,,0
734,구포시장 입구 지하보도,부산광역시,북구,3종,공공,"형식 : 미등록 / 연장 : 11.0 m, 차로수 : 1",,,unmatched,,0
735,화명2 지하차도,부산광역시,북구,3종,공공,"형식 : 미등록 / 연장 : 37.0 m, 차로수 : 2",,,unmatched,,0
736,화명3 지하보도,부산광역시,북구,3종,공공,"형식 : 미등록 / 연장 : 42.0 m, 차로수 : 2",,,unmatched,,0
737,화명4 지하보도,부산광역시,북구,3종,공공,"형식 : 미등록 / 연장 : 47.0 m, 차로수 : 2",,,unmatched,,0
738,화명5 지하차도,부산광역시,북구,3종,공공,"형식 : 미등록 / 연장 : 37.0 m, 차로수 : 2",,,unmatched,,0
739,화명6 지하보도,부산광역시,북구,3종,공공,"형식 : 미등록 / 연장 : 37.0 m, 차로수 : 2",,,unmatched,,0
740,감현2교 지하보차도,부산광역시,사상구,3종,공공,"형식 : 통로박스 / 연장 : 20.0 m, 차로수 : 2",,,unmatched,,0
741,괘법동 지하차도,부산광역시,사상구,3종,공공,"형식 : 통로박스 / 연장 : 48.0 m, 차로수 : 1",,,unmatched,,0
742,보훈병원 지하차도1,부산광역시,사상구,3종,공공,"형식 : 지하차도 / 연장 : 30.0 m, 차로수 : 2",,,unmatched,,0
743,보훈병원 지하차도3,부산광역시,사상구,3종,공공,"형식 : 지하차도 / 연장 : 53.0 m, 차로수 : 4",,,unmatched,,0
744,북구경계 지하차도,부산광역시,사상구,3종,공공,"형식 : 통로박스 / 연장 : 14.5 m, 차로수 : 2",,,unmatched,,0
745,자유아파트 지하보도,부산광역시,사상구,3종,공공,"형식 : 지하차도 / 연장 : 35.0 m, 차로수 : 4",,,unmatched,,0
746,주례우체국뒤 지하차도,부산광역시,사상구,3종,공공,"형식 : 지하차도 / 연장 : 46.0 m, 차로수 : 1",,,unmatched,,0
747,학감대로 지하보도,부산광역시,사상구,3종,공공,"형식 : 지하보도 / 연장 : 37.5 m, 차로수 : 1",,,unmatched,,0
748,학장사거리 지하보도1,부산광역시,사상구,3종,공공,"형식 : 지하보도 / 연장 : 22.5 m, 차로수 : 1",,,unmatched,,0
749,학장사거리 지하보도2,부산광역시,사상구,3종,공공,"형식 : 지하보도 / 연장 : 19.5 m, 차로수 : 1",,,unmatched,,0
750,한일시멘트 지하차도,부산광역시,사상구,3종,공공,"형식 : 지하차도 / 연장 : 79.0 m, 차로수 : 2",,,unmatched,,0
751,센텀지하차도,부산광역시,해운대구,3종,공공,"형식 : 미등록 / 연장 : 100.0 m, 차로수 : 4",,,unmatched,,0
752,원동IC 인근 지하차도,부산광역시,해운대구,3종,공공,"형식 : 박스형 / 연장 : 4.0 m, 차로수 : 1",,,unmatched,,0
753,중동지하차도,부산광역시,해운대구,3종,공공,"형식 : 미등록 / 연장 : 85.0 m, 차로수 : 6",35.16641,129.165532,matched,77482419,1
754,수서지하차도,서울특별시,강남구,3종,공공,"형식 : 미등록 / 연장 : 90.0 m, 차로수 : 6",,,unmatched,,0
755,동남로 지하보차도,서울특별시,강동구,3종,공공,"형식 : 미등록 / 연장 : 40.5 m, 차로수 : 2",,,unmatched,,0
756,암사지하차도,서울특별시,강동구,3종,공공,"형식 : 미등록 / 연장 : 53.0 m, 차로수 : 4",,,unmatched,,0
757,인수봉로지하차도,서울특별시,강북구,3종,공공,"형식 : 박스형 / 연장 : 27.0 m, 차로수 : 3",,,unmatched,,0
758,개화 지하차도,서울특별시,강서구,3종,공공,"형식 : 박스형 / 연장 : 80.0 m, 차로수 : 2",,,unmatched,,0
759,개화지하차도,서울특별시,강서구,3종,공공,"형식 : 미등록 / 연장 : 420.0 m, 차로수 : 4",,,unmatched,,0
760,국내선 진입 지하차도,서울특별시,강서구,3종,공공,"형식 : 박스형 / 연장 : 80.0 m, 차로수 : 2",,,unmatched,,0
761,국제선방향 지하차도,서울특별시,강서구,3종,공공,"형식 : 박스형 / 연장 : 63.6 m, 차로수 : 2",37.561849,126.806414,matched,220313347,1
762,국제선진입 지하차도,서울특별시,강서구,3종,공공,"형식 : 박스형 / 연장 : 115.0 m, 차로수 : 1",37.566753,126.804504,matched,495516635,1
763,발산역지하보도,서울특별시,강서구,3종,공공,"형식 : 박스형 / 연장 : 160.0 m, 차로수 : 1",,,unmatched,,0
764,인천공항방향 지하차도,서울특별시,강서구,3종,공공,"형식 : 박스형 / 연장 : 58.0 m, 차로수 : 3",37.567635,126.804858,matched,318750937;495738197,2
765,화곡지하차도,서울특별시,강서구,3종,공공,"형식 : 박스형 / 연장 : 70.0 m, 차로수 : 1",,,unmatched,,0
766,광장중앞 지하차도,서울특별시,광진구,3종,공공,"형식 : 미등록 / 연장 : 72.0 m, 차로수 : 2",,,unmatched,,0
767,광장중학교앞 지하보도,서울특별시,광진구,3종,공공,"형식 : 박스형 / 연장 : 72.0 m, 차로수 : 1",,,unmatched,,0
768,군자교동측지하차도,서울특별시,광진구,3종,공공,"형식 : 미등록 / 연장 : 66.0 m, 차로수 : 4",,,unmatched,,0
769,군자지하보도,서울특별시,광진구,3종,공공,"형식 : 박스형 / 연장 : 164.0 m, 차로수 : 2",,,unmatched,,0
770,경인철도횡단지하차도,서울특별시,구로구,3종,공공,"형식 : 미등록 / 연장 : 30.0 m, 차로수 : 6",,,unmatched,,0
771,고척2지하차도,서울특별시,구로구,3종,공공,"형식 : 박스형 / 연장 : 417.0 m, 차로수 : 4",,,unmatched,,0
772,고척지하차도,서울특별시,구로구,3종,공공,"형식 : 미등록 / 연장 : 85.0 m, 차로수 : 4",,,unmatched,,0
773,구로역지하차도,서울특별시,구로구,3종,공공,"형식 : 박스형 / 연장 : 231.0 m, 차로수 : 6",37.502003,126.880931,matched,219684247;219684255,2
774,구로큰길(1)지하차도,서울특별시,구로구,3종,공공,"형식 : 미등록 / 연장 : 25.0 m, 차로수 : 4",,,unmatched,,0
775,구로큰길(2)지하차도,서울특별시,구로구,3종,공공,"형식 : 미등록 / 연장 : 131.0 m, 차로수 : 4",,,unmatched,,0
776,구일역앞지하보차도,서울특별시,구로구,3종,공공,"형식 : 박스형 / 연장 : 42.0 m, 차로수 : 1",,,unmatched,,0
777,신정교동측지하차도,서울특별시,구로구,3종,공공,"형식 : 미등록 / 연장 : 42.0 m, 차로수 : 4",,,unmatched,,0
778,오금교동측지하차도,서울특별시,구로구,3종,공공,"형식 : 미등록 / 연장 : 60.0 m, 차로수 : 4",,,unmatched,,0
779,오금교접속교,서울특별시,구로구,3종,공공,"형식 : 라멘형 / 연장 : 60.0 m, 차로수 : 1",,,unmatched,,0
780,오류지하차도,서울특별시,구로구,3종,공공,"형식 : 박스형 / 연장 : 37.0 m, 차로수 : 2",,,unmatched,,0
781,박미지하차도,서울특별시,금천구,3종,공공,"형식 : 미등록 / 연장 : 61.5 m, 차로수 : 2",,,unmatched,,0
782,호암길 지하차도,서울특별시,금천구,3종,공공,"형식 : 박스형 / 연장 : 36.3 m, 차로수 : 2",,,unmatched,,0
783,노원길지하박스차도,서울특별시,노원구,3종,공공,"형식 : 박스형 / 연장 : 36.0 m, 차로수 : 2",,,unmatched,,0
784,노원지하보도,서울특별시,노원구,3종,공공,"형식 : 박스형 / 연장 : 46.0 m, 차로수 : 2",,,unmatched,,0
785,노원지하차도,서울특별시,노원구,3종,공공,"형식 : 박스형 / 연장 : 60.0 m, 차로수 : 4",,,unmatched,,0
786,노일지하보도,서울특별시,노원구,3종,공공,"형식 : 박스형 / 연장 : 31.0 m, 차로수 : 2",,,unmatched,,0
787,당현지하보도,서울특별시,노원구,3종,공공,"형식 : 박스형 / 연장 : 46.0 m, 차로수 : 2",,,unmatched,,0
788,덕릉고개 지하차도,서울특별시,노원구,3종,공공,"형식 : 라멘형 / 연장 : 10.5 m, 차로수 : 2",,,unmatched,,0
789,동일로지하보도,서울특별시,노원구,3종,공공,"형식 : 박스형 / 연장 : 35.0 m, 차로수 : 2",,,unmatched,,0
790,마들지하차도,서울특별시,노원구,3종,공공,"형식 : 박스형 / 연장 : 60.0 m, 차로수 : 4",,,unmatched,,0
791,상계지하차도,서울특별시,노원구,3종,공공,"형식 : 박스형 / 연장 : 78.0 m, 차로수 : 4",,,unmatched,,0
792,수락지하차도,서울특별시,노원구,3종,공공,"형식 : 박스형 / 연장 : 90.0 m, 차로수 : 2",,,unmatched,,0
793,용화지하보도,서울특별시,노원구,3종,공공,"형식 : 박스형 / 연장 : 32.0 m, 차로수 : 2",,,unmatched,,0
794,월계1교 상행 언더패스,서울특별시,노원구,3종,공공,"형식 : 미등록 / 연장 : 310.0 m, 차로수 : 3",,,unmatched,,0
795,월계1교 하행 언더패스,서울특별시,노원구,3종,공공,"형식 : 미등록 / 연장 : 290.0 m, 차로수 : 3",,,unmatched,,0
796,"월계2,3지하차도",서울특별시,노원구,3종,공공,"형식 : 박스형 / 연장 : 77.0 m, 차로수 : 4",,,unmatched,,0
797,월계지하차도,서울특별시,노원구,3종,공공,"형식 : 박스형 / 연장 : 57.0 m, 차로수 : 4",,,unmatched,,0
798,월릉교 상행 언더패스,서울특별시,노원구,3종,공공,"형식 : 미등록 / 연장 : 186.0 m, 차로수 : 4",,,unmatched,,0
799,월릉교 하행 언더패스,서울특별시,노원구,3종,공공,"형식 : 미등록 / 연장 : 250.0 m, 차로수 : 4",,,unmatched,,0
800,인덕지하보도,서울특별시,노원구,3종,공공,"형식 : 박스형 / 연장 : 32.0 m, 차로수 : 2",,,unmatched,,0
801,중계로지하차도,서울특별시,노원구,3종,공공,"형식 : 박스형 / 연장 : 45.0 m, 차로수 : 2",,,unmatched,,0
802,방학지하차도,서울특별시,도봉구,3종,공공,"형식 : 박스형 / 연장 : 40.0 m, 차로수 : 4",37.66277,127.044659,matched,381285350;1500175986,2
803,군자지하차도,서울특별시,동대문구,3종,공공,"형식 : R.C BOX / 연장 : 50.5 m, 차로수 : 2",37.559403,127.073741,matched,86096532;1043624495,2
804,답십리굴다리지하보차도,서울특별시,동대문구,3종,공공,"형식 : 미등록 / 연장 : 49.0 m, 차로수 : 4",,,unmatched,,0
805,독구말지하차도,서울특별시,동대문구,3종,공공,"형식 : 박스형 / 연장 : 76.0 m, 차로수 : 2",,,unmatched,,0
806,만남지하차도,서울특별시,동대문구,3종,공공,"형식 : R.C BOX / 연장 : 37.0 m, 차로수 : 2",,,unmatched,,0
807,신이문지하차도,서울특별시,동대문구,3종,공공,"형식 : 미등록 / 연장 : 51.0 m, 차로수 : 2",,,unmatched,,0
808,중랑교서측언더패스,서울특별시,동대문구,3종,공공,"형식 : U-Type / 연장 : 280.0 m, 차로수 : 3",,,unmatched,,0
809,중랑지하보차도,서울특별시,동대문구,3종,공공,"형식 : 미등록 / 연장 : 49.0 m, 차로수 : 4",,,unmatched,,0
810,휘경지하보도,서울특별시,동대문구,3종,공공,"형식 : 박스형 / 연장 : 19.6 m, 차로수 : 6",,,unmatched,,0
811,고구동산 지하차도,서울특별시,동작구,3종,공공,"형식 : 박스형 / 연장 : 33.0 m, 차로수 : 2",37.508955,126.953692,matched,521226883,1
812,동작지하차도,서울특별시,동작구,3종,공공,"형식 : 미등록 / 연장 : 51.0 m, 차로수 : 3",,,unmatched,,0
813,상도지하차도,서울특별시,동작구,3종,공공,"형식 : 박스형 / 연장 : 111.8 m, 차로수 : 4",,,unmatched,,0
814,양화진 지하보차도,서울특별시,마포구,3종,공공,"형식 : 라멘형 / 연장 : 90.0 m, 차로수 : 2",,,unmatched,,0
815,교남지하보도,서울특별시,서대문구,3종,공공,"형식 : 박스형 / 연장 : 31.0 m, 차로수 : 2",,,unmatched,,0
816,연대앞지하보도,서울특별시,서대문구,3종,공공,"형식 : 박스형 / 연장 : 47.0 m, 차로수 : 1",,,unmatched,,0
817,연희동 굴다리,서울특별시,서대문구,3종,공공,"형식 : 미등록 / 연장 : 71.0 m, 차로수 : 2",,,unmatched,,0
818,연희지하차도,서울특별시,서대문구,3종,공공,"형식 : 박스형 / 연장 : 70.0 m, 차로수 : 4",,,unmatched,,0
819,경부고속도로 횡단지하보도,서울특별시,서초구,3종,공공,"형식 : 미등록 / 연장 : 78.5 m, 차로수 : 1",,,unmatched,,0
820,고속터미널 연결 지하보도,서울특별시,서초구,3종,공공,"형식 : 미등록 / 연장 : 70.0 m, 차로수 : 1",,,unmatched,,0
821,내곡지하차도,서울특별시,서초구,3종,공공,"형식 : 박스형 / 연장 : 95.0 m, 차로수 : 2",37.641569,126.804219,matched,584334963,1
822,논현지하보도,서울특별시,서초구,3종,공공,"형식 : 미등록 / 연장 : 43.2 m, 차로수 : 1",,,unmatched,,0
823,반포지하차도,서울특별시,서초구,3종,공공,"형식 : 박스형 / 연장 : 80.0 m, 차로수 : 4",,,unmatched,,0
824,신원박스지하차도,서울특별시,서초구,3종,공공,"형식 : 박스형 / 연장 : 18.0 m, 차로수 : 5",,,unmatched,,0
825,예술의전당1지하보도,서울특별시,서초구,3종,공공,"형식 : 미등록 / 연장 : 40.0 m, 차로수 : 1",,,unmatched,,0
826,예술의전당2지하보도,서울특별시,서초구,3종,공공,"형식 : 미등록 / 연장 : 62.0 m, 차로수 : 1",,,unmatched,,0
827,잠수교남측지하차도,서울특별시,서초구,3종,공공,"형식 : 미등록 / 연장 : 95.0 m, 차로수 : 2",,,unmatched,,0
828,가람교지하차도,서울특별시,성동구,3종,공공,"형식 : 미등록 / 연장 : 32.5 m, 차로수 : 2",,,unmatched,,0
829,금호동4가 지하차도,서울특별시,성동구,3종,공공,"형식 : 미등록 / 연장 : 37.4 m, 차로수 : 2",,,unmatched,,0
830,마장지하보도,서울특별시,성동구,3종,공공,"형식 : 미등록 / 연장 : 50.0 m, 차로수 : 0",,,unmatched,,0
831,마장철도횡단지하보도,서울특별시,성동구,3종,공공,"형식 : 미등록 / 연장 : 10.0 m, 차로수 : 2",,,unmatched,,0
832,무학아파트진입보도,서울특별시,성동구,3종,공공,"형식 : 박스형 / 연장 : 23.5 m, 차로수 : 1",,,unmatched,,0
833,살곶이교지하보도,서울특별시,성동구,3종,공공,"형식 : 미등록 / 연장 : 54.0 m, 차로수 : 1",,,unmatched,,0
834,성동지하차도,서울특별시,성동구,3종,공공,"형식 : 미등록 / 연장 : 95.0 m, 차로수 : 2",37.561121,127.035319,matched,226903401;226903450,2
835,송정지하보도,서울특별시,성동구,3종,공공,"형식 : 박스형 / 연장 : 14.5 m, 차로수 : 3",,,unmatched,,0
836,한양광장 지하보도,서울특별시,성동구,3종,공공,"형식 : 미등록 / 연장 : 63.0 m, 차로수 : 3",,,unmatched,,0
837,행당지하보차도,서울특별시,성동구,3종,공공,"형식 : 미등록 / 연장 : 57.0 m, 차로수 : 2",,,unmatched,,0
838,동선지하차도,서울특별시,성북구,3종,공공,"형식 : 라멘형 / 연장 : 26.4 m, 차로수 : 2",,,unmatched,,0
839,솔샘지하차도,서울특별시,성북구,3종,공공,"형식 : 박스형 / 연장 : 53.0 m, 차로수 : 4",37.613717,127.008567,matched,415667972,1
840,수녀원앞 굴다리,서울특별시,성북구,3종,공공,"형식 : 미등록 / 연장 : 63.0 m, 차로수 : 2",,,unmatched,,0
841,정릉지하차도,서울특별시,성북구,3종,공공,"형식 : 박스형 / 연장 : 41.0 m, 차로수 : 1",37.61156,126.991747,matched,538081755,1
842,청덕초교앞 굴다리,서울특별시,성북구,3종,공공,"형식 : 미등록 / 연장 : 59.0 m, 차로수 : 2",,,unmatched,,0
843,가락지하차도,서울특별시,송파구,3종,공공,"형식 : 미등록 / 연장 : 60.0 m, 차로수 : 4",37.495803,127.108964,matched,374903873;374903874,2
844,송파지하차도,서울특별시,송파구,3종,공공,"형식 : 미등록 / 연장 : 80.0 m, 차로수 : 4",,,unmatched,,0
845,신천지하보도,서울특별시,송파구,3종,공공,"형식 : 미등록 / 연장 : 148.6 m, 차로수 : 8",,,unmatched,,0
846,아시아공원지하보도,서울특별시,송파구,3종,공공,"형식 : 미등록 / 연장 : 168.6 m, 차로수 : 8",,,unmatched,,0
847,종합운동장지하차도,서울특별시,송파구,3종,공공,"형식 : 미등록 / 연장 : 86.0 m, 차로수 : 8",,,unmatched,,0
848,탄천변1지하보도,서울특별시,송파구,3종,공공,"형식 : 미등록 / 연장 : 27.1 m, 차로수 : 4",,,unmatched,,0
849,탄천변2지하보도,서울특별시,송파구,3종,공공,"형식 : 미등록 / 연장 : 27.1 m, 차로수 : 4",,,unmatched,,0
850,풍납지하보도,서울특별시,송파구,3종,공공,"형식 : 미등록 / 연장 : 66.2 m, 차로수 : 8",,,unmatched,,0
851,목동교서측지하차도,서울특별시,양천구,3종,공공,"형식 : 미등록 / 연장 : 54.0 m, 차로수 : 4",,,unmatched,,0
852,오목교서측지하차도,서울특별시,양천구,3종,공공,"형식 : 라멘형 / 연장 : 38.0 m, 차로수 : 4",,,unmatched,,0
853,노들길지하차도,서울특별시,영등포구,3종,공공,"형식 : 박스형 / 연장 : 530.0 m, 차로수 : 4",37.519956,126.914792,matched,215909738;469332601,2
854,목동교동측지하차도,서울특별시,영등포구,3종,공공,"형식 : 미등록 / 연장 : 50.0 m, 차로수 : 6",,,unmatched,,0
855,서울교접속지하보차도,서울특별시,영등포구,3종,공공,"형식 : 박스형 / 연장 : 68.0 m, 차로수 : 3",,,unmatched,,0
856,성산지하차도,서울특별시,영등포구,3종,공공,"형식 : 박스형 / 연장 : 30.0 m, 차로수 : 2",37.549836,126.892354,matched,204781430;255759582;1120540510;1120540511,4
857,여의2지하차도,서울특별시,영등포구,3종,공공,"형식 : 박스형 / 연장 : 380.0 m, 차로수 : 4",,,unmatched,,0
858,여의교지하차도,서울특별시,영등포구,3종,공공,"형식 : 미등록 / 연장 : 80.0 m, 차로수 : 4",37.514657,126.926992,matched,467054119;469332609,2
859,여의초등교앞지하보도,서울특별시,영등포구,3종,공공,"형식 : 미등록 / 연장 : 27.0 m, 차로수 : 6",,,unmatched,,0
860,여의하류지하차도,서울특별시,영등포구,3종,공공,"형식 : 박스형 / 연장 : 61.3 m, 차로수 : 5",,,unmatched,,0
861,영등포지하차도,서울특별시,영등포구,3종,공공,"형식 : 미등록 / 연장 : 36.0 m, 차로수 : 4",,,unmatched,,0
862,오목교동측지하보차도,서울특별시,영등포구,3종,공공,"형식 : RCB / 연장 : 49.6 m, 차로수 : 1",,,unmatched,,0
863,오목교동측지하차도,서울특별시,영등포구,3종,공공,"형식 : 미등록 / 연장 : 60.0 m, 차로수 : 4",,,unmatched,,0
864,갈월지하차도,서울특별시,용산구,3종,공공,"형식 : 미등록 / 연장 : 53.0 m, 차로수 : 4",,,unmatched,,0
865,남산3호터널앞지하보도,서울특별시,용산구,3종,공공,"형식 : 미등록 / 연장 : 80.6 m, 차로수 : 1",,,unmatched,,0
866,이촌역~용강중학교간지하보도,서울특별시,용산구,3종,공공,"형식 : 미등록 / 연장 : 30.0 m, 차로수 : 2",,,unmatched,,0
867,이촌지하차도,서울특별시,용산구,3종,공공,"형식 : 미등록 / 연장 : 57.0 m, 차로수 : 2",,,unmatched,,0
868,이태원지하보도,서울특별시,용산구,3종,공공,"형식 : 미등록 / 연장 : 26.0 m, 차로수 : 2",,,unmatched,,0
869,잠수교 북단 지하차도,서울특별시,용산구,3종,공공,"형식 : 박스형 / 연장 : 238.6 m, 차로수 : 2",,,unmatched,,0
870,잠수교북단지하보도,서울특별시,용산구,3종,공공,"형식 : 미등록 / 연장 : 31.0 m, 차로수 : 2",,,unmatched,,0
871,한남2동지하차도,서울특별시,용산구,3종,공공,"형식 : 미등록 / 연장 : 107.0 m, 차로수 : 2",,,unmatched,,0
872,의주로 지하차도,서울특별시,중구,3종,공공,"형식 : 박스형 / 연장 : 250.0 m, 차로수 : 4",,,unmatched,,0
873,퇴계로 지하차도,서울특별시,중구,3종,공공,"형식 : 박스형 / 연장 : 240.0 m, 차로수 : 4",,,unmatched,,0
874,동일로지하차도,서울특별시,중랑구,3종,공공,"형식 : 미등록 / 연장 : 55.0 m, 차로수 : 4",,,unmatched,,0
875,상봉철도횡단 지하보도,서울특별시,중랑구,3종,공공,"형식 : 미등록 / 연장 : 59.0 m, 차로수 : 1",,,unmatched,,0
876,새마음길 연결 지하보도,서울특별시,중랑구,3종,공공,"형식 : 미등록 / 연장 : 95.0 m, 차로수 : 1",,,unmatched,,0
877,신내지하보차도,서울특별시,중랑구,3종,공공,"형식 : 미등록 / 연장 : 85.0 m, 차로수 : 4",,,unmatched,,0
878,중랑교동측언더패스,서울특별시,중랑구,3종,공공,"형식 : U-Type / 연장 : 290.0 m, 차로수 : 3",,,unmatched,,0
879,양안지하차도,세종특별자치시,,3종,공공,"형식 : 박스형 / 연장 : 29.6 m, 차로수 : 4",,,unmatched,,0
880,명촌강남 지하차도,울산광역시,남구,3종,공공,"형식 : 박스형 / 연장 : 111.2 m, 차로수 : 2",,,unmatched,,0
881,번영교강남지하차도,울산광역시,남구,3종,공공,"형식 : 박스형 / 연장 : 243.2 m, 차로수 : 4",,,unmatched,,0
882,여천천지하차도,울산광역시,남구,3종,공공,"형식 : 미등록 / 연장 : 52.0 m, 차로수 : 2",35.530945,129.308114,matched,1493015783;1493015784,2
883,학성교 강남지하차도,울산광역시,남구,3종,공공,"형식 : 박스형 / 연장 : 180.0 m, 차로수 : 4",,,unmatched,,0
884,명촌IC 1지하차도,울산광역시,북구,3종,공공,"형식 : 박스형 / 연장 : 63.7 m, 차로수 : 1",,,unmatched,,0
885,명촌IC 2지하차도,울산광역시,북구,3종,공공,"형식 : 박스형 / 연장 : 53.4 m, 차로수 : 1",,,unmatched,,0
886,대안지하차도,울산광역시,울주군,3종,공공,"형식 : 미등록 / 연장 : 45.0 m, 차로수 : 2",35.40935,129.285839,matched,154256871,1
887,번영교강북지하차도,울산광역시,중구,3종,공공,"형식 : 박스형 / 연장 : 260.0 m, 차로수 : 4",,,unmatched,,0
888,병영성지하차도,울산광역시,중구,3종,공공,"형식 : 미등록 / 연장 : 68.0 m, 차로수 : 2",35.577852,129.346546,matched,187888709,1
889,학성교 강북지하차도,울산광역시,중구,3종,공공,"형식 : 박스형 / 연장 : 160.0 m, 차로수 : 4",,,unmatched,,0
890,장수지하차도,인천광역시,남동구,3종,공공,"형식 : 미등록 / 연장 : 53.0 m, 차로수 : 4",,,unmatched,,0
891,동수지하차도,인천광역시,부평구,3종,공공,"형식 : 박스형 / 연장 : 60.0 m, 차로수 : 4",,,unmatched,,0
892,동암굴다리,인천광역시,부평구,3종,공공,"형식 : 박스형 / 연장 : 46.1 m, 차로수 : 6",,,unmatched,,0
893,서순천IC지하차도,전라남도,순천시,3종,공공,"형식 : 박스형 / 연장 : 54.0 m, 차로수 : 1",,,unmatched,,0
894,순천(지)교,전라남도,순천시,3종,공공,"형식 : 미등록 / 연장 : 24.1 m, 차로수 : 1",,,unmatched,,0
895,장천지하도,전라남도,순천시,3종,공공,"형식 : 미등록 / 연장 : 15.0 m, 차로수 : 4",,,unmatched,,0
896,조례지하도,전라남도,순천시,3종,공공,"형식 : 미등록 / 연장 : 102.0 m, 차로수 : 4",,,unmatched,,0
897,풍덕(지)교,전라남도,순천시,3종,공공,"형식 : 미등록 / 연장 : 22.7 m, 차로수 : 1",,,unmatched,,0
898,풍덕지하도,전라남도,순천시,3종,공공,"형식 : 미등록 / 연장 : 9.8 m, 차로수 : 4",,,unmatched,,0
899,남원지하차도,전라북도,남원시,3종,공공,"형식 : 미등록 / 연장 : 24.4 m, 차로수 : 2",,,unmatched,,0
900,신정지하차도,전라북도,남원시,3종,공공,"형식 : 미등록 / 연장 : 21.6 m, 차로수 : 2",,,unmatched,,0
901,조산지하차도,전라북도,남원시,3종,공공,"형식 : 박스형 / 연장 : 80.0 m, 차로수 : 4",,,unmatched,,0
902,화정지하차도,전라북도,남원시,3종,공공,"형식 : 미등록 / 연장 : 8.0 m, 차로수 : 2",,,unmatched,,0
903,가림지하차도,전라북도,무주군,3종,공공,"형식 : 라멘형 / 연장 : 90.0 m, 차로수 : 4",,,unmatched,,0
904,병암지하차도,전라북도,임실군,3종,공공,"형식 : 박스형 / 연장 : 80.0 m, 차로수 : 4",,,unmatched,,0
905,덕지지하차도(복),충청남도,논산시,3종,공공,"형식 : 박스형 / 연장 : 14.0 m, 차로수 : 2",,,unmatched,,0
906,삼거리지하도(복),충청남도,논산시,3종,공공,"형식 : 박스형 / 연장 : 9.0 m, 차로수 : 2",,,unmatched,,0
907,지밧지하차도(복),충청남도,논산시,3종,공공,"형식 : 박스형 / 연장 : 9.0 m, 차로수 : 2",,,unmatched,,0
908,모시리지하차도,충청남도,천안시,3종,공공,"형식 : 미등록 / 연장 : 45.0 m, 차로수 : 2",,,unmatched,,0
909,봉서지하도,충청남도,천안시,3종,공공,"형식 : 미등록 / 연장 : 31.0 m, 차로수 : 6",,,unmatched,,0
910,북부지하차도,충청남도,천안시,3종,공공,"형식 : 미등록 / 연장 : 75.0 m, 차로수 : 6",,,unmatched,,0
911,쌍용지하도,충청남도,천안시,3종,공공,"형식 : 미등록 / 연장 : 219.0 m, 차로수 : 4",,,unmatched,,0
912,천안지하도,충청남도,천안시,3종,공공,"형식 : 미등록 / 연장 : 244.5 m, 차로수 : 2",,,unmatched,,0
913,판정지하차도,충청남도,천안시,3종,공공,"형식 : 미등록 / 연장 : 61.0 m, 차로수 : 2",36.911917,127.188978,matched,177842431,1
914,옹암가도교(단),충청남도,홍성군,3종,공공,"형식 : 박스형 / 연장 : 5.0 m, 차로수 : 2",,,unmatched,,0
915,각계지하도(복),충청북도,영동군,3종,공공,"형식 : 박스형 / 연장 : 7.0 m, 차로수 : 2",,,unmatched,,0
916,계룡지하차도(복),충청북도,영동군,3종,공공,"형식 : 박스형 / 연장 : 11.1 m, 차로수 : 2",36.350803,127.353933,matched,293829132;293829133,2
917,관리지하차도(복),충청북도,영동군,3종,공공,"형식 : 박스형 / 연장 : 11.1 m, 차로수 : 2",,,unmatched,,0
918,대평지하차도(복),충청북도,영동군,3종,공공,"형식 : 박스형 / 연장 : 11.1 m, 차로수 : 2",,,unmatched,,0
919,사부리지하도(복),충청북도,영동군,3종,공공,"형식 : 박스형 / 연장 : 9.0 m, 차로수 : 2",,,unmatched,,0
920,송천가도교(복),충청북도,영동군,3종,공공,"형식 : 박스형 / 연장 : 8.0 m, 차로수 : 2",,,unmatched,,0
921,심곡지하차도(복),충청북도,영동군,3종,공공,"형식 : 박스형 / 연장 : 11.1 m, 차로수 : 2",36.194845,127.758359,matched,549714958,1
922,용당지하차도(복),충청북도,영동군,3종,공공,"형식 : 박스형 / 연장 : 12.2 m, 차로수 : 2",,,unmatched,,0
923,가화지하도,충청북도,옥천군,3종,공공,"형식 : 박스형 / 연장 : 65.0 m, 차로수 : 2",,,unmatched,,0
924,강청지하도(복),충청북도,옥천군,3종,공공,"형식 : 박스형 / 연장 : 12.0 m, 차로수 : 2",,,unmatched,,0
925,소정지하도(복),충청북도,옥천군,3종,공공,"형식 : 박스형 / 연장 : 11.0 m, 차로수 : 2",,,unmatched,,0
926,신흥지하도(복),충청북도,옥천군,3종,공공,"형식 : 미등록 / 연장 : 9.8 m, 차로수 : 2",,,unmatched,,0
927,지탄리통로박스(복),충청북도,옥천군,3종,공공,"형식 : 박스형 / 연장 : 8.0 m, 차로수 : 2",,,unmatched,,0
928,현리지하도(복),충청북도,옥천군,3종,공공,"형식 : 박스형 / 연장 : 6.0 m, 차로수 : 2",,,unmatched,,0
929,마송지하도(복),충청북도,음성군,3종,공공,"형식 : 박스형 / 연장 : 40.0 m, 차로수 : 2",,,unmatched,,0
930,마송지하차도,충청북도,음성군,3종,공공,"형식 : 박스형 / 연장 : 29.0 m, 차로수 : 2",,,unmatched,,2
931,상노리지하도(복),충청북도,음성군,3종,공공,"형식 : 박스형 / 연장 : 23.6 m, 차로수 : 2",,,unmatched,,0
932,영천지하차도,충청북도,제천시,3종,공공,"형식 : 박스형 / 연장 : 80.2 m, 차로수 : 4",,,unmatched,,1
933,궁평지하차도,충청북도,청주시,3종,공공,"형식 : 미등록 / 연장 : 80.0 m, 차로수 : 6",36.62464,127.337657,matched,556705089;988994037,2
934,매봉지하차도(하행),충청북도,청주시,3종,공공,"형식 : 미등록 / 연장 : 96.0 m, 차로수 : 2",,,unmatched,,0
935,묵방지하차도,충청북도,청주시,3종,공공,"형식 : 박스형 / 연장 : 45.0 m, 차로수 : 1",,,unmatched,,0
936,오송지하도(복),충청북도,청주시,3종,공공,"형식 : 박스형 / 연장 : 28.0 m, 차로수 : 2",,,unmatched,,0
937,오창지하차도,충청북도,청주시,3종,공공,"형식 : 박스형 / 연장 : 97.0 m, 차로수 : 4",,,unmatched,,0
938,달천지하차도,충청북도,충주시,3종,공공,"형식 : 박스형 / 연장 : 34.0 m, 차로수 : 1",,,unmatched,,0
