station_code,station_name,district_name,observed_at,rainfall_10min_mm,rainfall_60min_mm
2301,관악구청,관악구,2022-08-08 00:09:00,0.0,
2301,관악구청,관악구,2022-08-08 00:19:00,0.0,
2301,관악구청,관악구,2022-08-08 00:29:00,0.0,
2301,관악구청,관악구,2022-08-08 00:39:00,0.0,
2301,관악구청,관악구,2022-08-08 00:49:00,0.0,
2301,관악구청,관악구,2022-08-08 00:59:00,0.0,0.0
2301,관악구청,관악구,2022-08-08 01:09:00,0.0,0.0
2301,관악구청,관악구,2022-08-08 01:19:00,0.0,0.0
2301,관악구청,관악구,2022-08-08 01:29:00,0.0,0.0
2301,관악구청,관악구,2022-08-08 01:39:00,0.0,0.0
2301,관악구청,관악구,2022-08-08 01:49:00,0.0,0.0
2301,관악구청,관악구,2022-08-08 01:59:00,0.0,0.0
2301,관악구청,관악구,2022-08-08 02:09:00,0.0,0.0
2301,관악구청,관악구,2022-08-08 02:19:00,0.0,0.0
2301,관악구청,관악구,2022-08-08 02:29:00,0.0,0.0
2301,관악구청,관악구,2022-08-08 02:39:00,0.0,0.0
2301,관악구청,관악구,2022-08-08 02:49:00,0.0,0.0
2301,관악구청,관악구,2022-08-08 02:59:00,0.0,0.0
2301,관악구청,관악구,2022-08-08 03:09:00,0.0,0.0
2301,관악구청,관악구,2022-08-08 03:19:00,0.0,0.0
2301,관악구청,관악구,2022-08-08 03:29:00,0.0,0.0
2301,관악구청,관악구,2022-08-08 03:39:00,0.0,0.0
2301,관악구청,관악구,2022-08-08 03:49:00,0.0,0.0
2301,관악구청,관악구,2022-08-08 03:59:00,0.0,0.0
2301,관악구청,관악구,2022-08-08 04:09:00,0.0,0.0
2301,관악구청,관악구,2022-08-08 04:19:00,0.0,0.0
2301,관악구청,관악구,2022-08-08 04:29:00,0.0,0.0
2301,관악구청,관악구,2022-08-08 04:39:00,0.0,0.0
2301,관악구청,관악구,2022-08-08 04:49:00,0.0,0.0
2301,관악구청,관악구,2022-08-08 04:59:00,0.0,0.0
2301,관악구청,관악구,2022-08-08 05:09:00,0.0,0.0
2301,관악구청,관악구,2022-08-08 05:19:00,0.0,0.0
2301,관악구청,관악구,2022-08-08 05:29:00,0.0,0.0
2301,관악구청,관악구,2022-08-08 05:39:00,0.0,0.0
2301,관악구청,관악구,2022-08-08 05:49:00,0.0,0.0
2301,관악구청,관악구,2022-08-08 05:59:00,0.0,0.0
2301,관악구청,관악구,2022-08-08 06:09:00,0.0,0.0
2301,관악구청,관악구,2022-08-08 06:19:00,0.0,0.0
2301,관악구청,관악구,2022-08-08 06:29:00,0.0,0.0
2301,관악구청,관악구,2022-08-08 06:39:00,0.0,0.0
2301,관악구청,관악구,2022-08-08 06:49:00,0.0,0.0
2301,관악구청,관악구,2022-08-08 06:59:00,0.5,0.5
2301,관악구청,관악구,2022-08-08 07:09:00,0.0,0.5
2301,관악구청,관악구,2022-08-08 07:19:00,0.0,0.5
2301,관악구청,관악구,2022-08-08 07:29:00,0.0,0.5
2301,관악구청,관악구,2022-08-08 07:39:00,0.0,0.5
2301,관악구청,관악구,2022-08-08 07:49:00,0.0,0.5
2301,관악구청,관악구,2022-08-08 07:59:00,0.0,0.0
2301,관악구청,관악구,2022-08-08 08:09:00,0.0,0.0
2301,관악구청,관악구,2022-08-08 08:19:00,0.0,0.0
2301,관악구청,관악구,2022-08-08 08:29:00,0.0,0.0
2301,관악구청,관악구,2022-08-08 08:39:00,0.0,0.0
2301,관악구청,관악구,2022-08-08 08:49:00,0.0,0.0
2301,관악구청,관악구,2022-08-08 08:59:00,0.0,0.0
2301,관악구청,관악구,2022-08-08 09:09:00,0.5,0.5
2301,관악구청,관악구,2022-08-08 09:19:00,0.0,0.5
2301,관악구청,관악구,2022-08-08 09:29:00,0.0,0.5
2301,관악구청,관악구,2022-08-08 09:39:00,0.0,0.5
2301,관악구청,관악구,2022-08-08 09:49:00,0.0,0.5
2301,관악구청,관악구,2022-08-08 09:59:00,0.0,0.5
2301,관악구청,관악구,2022-08-08 10:09:00,0.0,0.0
2301,관악구청,관악구,2022-08-08 10:19:00,0.0,0.0
2301,관악구청,관악구,2022-08-08 10:29:00,0.0,0.0
2301,관악구청,관악구,2022-08-08 10:39:00,0.0,0.0
2301,관악구청,관악구,2022-08-08 10:49:00,0.0,0.0
2301,관악구청,관악구,2022-08-08 10:59:00,0.0,0.0
2301,관악구청,관악구,2022-08-08 11:09:00,0.0,0.0
2301,관악구청,관악구,2022-08-08 11:19:00,0.0,0.0
2301,관악구청,관악구,2022-08-08 11:29:00,0.0,0.0
2301,관악구청,관악구,2022-08-08 11:39:00,0.0,0.0
2301,관악구청,관악구,2022-08-08 11:49:00,0.0,0.0
2301,관악구청,관악구,2022-08-08 11:59:00,0.0,0.0
2301,관악구청,관악구,2022-08-08 12:09:00,0.0,0.0
2301,관악구청,관악구,2022-08-08 12:19:00,1.0,1.0
2301,관악구청,관악구,2022-08-08 12:29:00,6.5,7.5
2301,관악구청,관악구,2022-08-08 12:39:00,6.0,13.5
2301,관악구청,관악구,2022-08-08 12:49:00,3.5,17.0
2301,관악구청,관악구,2022-08-08 12:59:00,8.5,25.5
2301,관악구청,관악구,2022-08-08 13:09:00,12.0,37.5
2301,관악구청,관악구,2022-08-08 13:19:00,3.0,39.5
2301,관악구청,관악구,2022-08-08 13:29:00,0.5,33.5
2301,관악구청,관악구,2022-08-08 13:39:00,0.5,28.0
2301,관악구청,관악구,2022-08-08 13:49:00,0.0,24.5
2301,관악구청,관악구,2022-08-08 13:59:00,1.0,17.0
2301,관악구청,관악구,2022-08-08 14:09:00,0.5,5.5
2301,관악구청,관악구,2022-08-08 14:19:00,0.5,3.0
2301,관악구청,관악구,2022-08-08 14:29:00,0.0,2.5
2301,관악구청,관악구,2022-08-08 14:39:00,0.5,2.5
2301,관악구청,관악구,2022-08-08 14:49:00,0.0,2.5
2301,관악구청,관악구,2022-08-08 14:59:00,0.0,1.5
2301,관악구청,관악구,2022-08-08 15:09:00,0.0,1.0
2301,관악구청,관악구,2022-08-08 15:19:00,0.5,1.0
2301,관악구청,관악구,2022-08-08 15:29:00,4.5,5.5
2301,관악구청,관악구,2022-08-08 15:39:00,1.0,6.0
2301,관악구청,관악구,2022-08-08 15:49:00,0.0,6.0
2301,관악구청,관악구,2022-08-08 15:59:00,0.5,6.5
2301,관악구청,관악구,2022-08-08 16:09:00,0.5,7.0
2301,관악구청,관악구,2022-08-08 16:19:00,0.0,6.5
2301,관악구청,관악구,2022-08-08 16:29:00,0.0,2.0
2301,관악구청,관악구,2022-08-08 16:39:00,0.0,1.0
2301,관악구청,관악구,2022-08-08 16:49:00,0.0,1.0
2301,관악구청,관악구,2022-08-08 16:59:00,0.0,0.5
2301,관악구청,관악구,2022-08-08 17:09:00,0.0,0.0
2301,관악구청,관악구,2022-08-08 17:19:00,0.0,0.0
2301,관악구청,관악구,2022-08-08 17:29:00,0.0,0.0
2301,관악구청,관악구,2022-08-08 17:39:00,1.0,1.0
2301,관악구청,관악구,2022-08-08 17:49:00,15.0,16.0
2301,관악구청,관악구,2022-08-08 17:59:00,3.0,19.0
2301,관악구청,관악구,2022-08-08 18:09:00,0.5,19.5
2301,관악구청,관악구,2022-08-08 18:19:00,0.5,20.0
2301,관악구청,관악구,2022-08-08 18:29:00,0.5,20.5
2301,관악구청,관악구,2022-08-08 18:39:00,0.0,19.5
2301,관악구청,관악구,2022-08-08 18:49:00,0.0,4.5
2301,관악구청,관악구,2022-08-08 18:59:00,0.0,1.5
2301,관악구청,관악구,2022-08-08 19:09:00,0.0,1.0
2301,관악구청,관악구,2022-08-08 19:19:00,0.0,0.5
2301,관악구청,관악구,2022-08-08 19:29:00,6.5,6.5
2301,관악구청,관악구,2022-08-08 19:39:00,9.5,16.0
2301,관악구청,관악구,2022-08-08 19:49:00,9.5,25.5
2301,관악구청,관악구,2022-08-08 19:59:00,6.0,31.5
2301,관악구청,관악구,2022-08-08 20:09:00,20.0,51.5
2301,관악구청,관악구,2022-08-08 20:19:00,19.5,71.0
2301,관악구청,관악구,2022-08-08 20:29:00,12.5,77.0
2301,관악구청,관악구,2022-08-08 20:39:00,13.0,80.5
2301,관악구청,관악구,2022-08-08 20:49:00,25.5,96.5
2301,관악구청,관악구,2022-08-08 20:59:00,20.0,110.5
2301,관악구청,관악구,2022-08-08 21:09:00,23.5,114.0
2301,관악구청,관악구,2022-08-08 21:19:00,13.0,107.5
2301,관악구청,관악구,2022-08-08 21:29:00,7.5,102.5
2301,관악구청,관악구,2022-08-08 21:39:00,16.0,105.5
2301,관악구청,관악구,2022-08-08 21:49:00,7.0,87.0
2301,관악구청,관악구,2022-08-08 21:59:00,14.5,81.5
2301,관악구청,관악구,2022-08-08 22:09:00,18.5,76.5
2301,관악구청,관악구,2022-08-08 22:19:00,7.0,70.5
2301,관악구청,관악구,2022-08-08 22:29:00,7.5,70.5
2301,관악구청,관악구,2022-08-08 22:39:00,5.5,60.0
2301,관악구청,관악구,2022-08-08 22:49:00,7.5,60.5
2301,관악구청,관악구,2022-08-08 22:59:00,8.5,54.5
2301,관악구청,관악구,2022-08-08 23:09:00,3.5,39.5
2301,관악구청,관악구,2022-08-08 23:19:00,3.0,35.5
2301,관악구청,관악구,2022-08-08 23:29:00,0.5,28.5
2301,관악구청,관악구,2022-08-08 23:39:00,1.5,24.5
2301,관악구청,관악구,2022-08-08 23:49:00,0.0,17.0
2301,관악구청,관악구,2022-08-08 23:59:00,0.0,8.5
2301,관악구청,관악구,2022-08-09 00:09:00,0.5,5.5
2301,관악구청,관악구,2022-08-09 00:19:00,0.5,3.0
2301,관악구청,관악구,2022-08-09 00:29:00,0.0,2.5
2301,관악구청,관악구,2022-08-09 00:39:00,0.0,1.0
2301,관악구청,관악구,2022-08-09 00:49:00,0.0,1.0
2301,관악구청,관악구,2022-08-09 00:59:00,0.0,1.0
2301,관악구청,관악구,2022-08-09 01:09:00,0.0,0.5
2301,관악구청,관악구,2022-08-09 01:19:00,0.0,0.0
2301,관악구청,관악구,2022-08-09 01:29:00,1.0,1.0
2301,관악구청,관악구,2022-08-09 01:39:00,1.0,2.0
2301,관악구청,관악구,2022-08-09 01:49:00,0.5,2.5
2301,관악구청,관악구,2022-08-09 01:59:00,1.0,3.5
2301,관악구청,관악구,2022-08-09 02:09:00,3.5,7.0
2301,관악구청,관악구,2022-08-09 02:19:00,5.5,12.5
2301,관악구청,관악구,2022-08-09 02:29:00,3.0,14.5
2301,관악구청,관악구,2022-08-09 02:39:00,2.0,15.5
2301,관악구청,관악구,2022-08-09 02:49:00,0.0,15.0
2301,관악구청,관악구,2022-08-09 02:59:00,0.5,14.5
2301,관악구청,관악구,2022-08-09 03:09:00,1.5,12.5
2301,관악구청,관악구,2022-08-09 03:19:00,1.0,8.0
2301,관악구청,관악구,2022-08-09 03:29:00,0.5,5.5
2301,관악구청,관악구,2022-08-09 03:39:00,0.5,4.0
2301,관악구청,관악구,2022-08-09 03:49:00,0.5,4.5
2301,관악구청,관악구,2022-08-09 03:59:00,4.0,8.0
2301,관악구청,관악구,2022-08-09 04:09:00,2.5,9.0
2301,관악구청,관악구,2022-08-09 04:19:00,0.0,8.0
2301,관악구청,관악구,2022-08-09 04:29:00,0.0,7.5
2301,관악구청,관악구,2022-08-09 04:39:00,0.0,7.0
2301,관악구청,관악구,2022-08-09 04:49:00,0.5,7.0
2301,관악구청,관악구,2022-08-09 04:59:00,0.5,3.5
2301,관악구청,관악구,2022-08-09 05:09:00,0.0,1.0
2301,관악구청,관악구,2022-08-09 05:19:00,0.0,1.0
2301,관악구청,관악구,2022-08-09 05:29:00,0.5,1.5
2301,관악구청,관악구,2022-08-09 05:39:00,0.0,1.5
2301,관악구청,관악구,2022-08-09 05:49:00,0.5,1.5
2301,관악구청,관악구,2022-08-09 05:59:00,0.0,1.0
2301,관악구청,관악구,2022-08-09 06:09:00,0.5,1.5
2301,관악구청,관악구,2022-08-09 06:19:00,0.0,1.5
2301,관악구청,관악구,2022-08-09 06:29:00,0.0,1.0
2301,관악구청,관악구,2022-08-09 06:39:00,0.0,1.0
2301,관악구청,관악구,2022-08-09 06:49:00,0.0,0.5
2301,관악구청,관악구,2022-08-09 06:59:00,0.0,0.5
2301,관악구청,관악구,2022-08-09 07:09:00,0.0,0.0
2301,관악구청,관악구,2022-08-09 07:19:00,0.0,0.0
2301,관악구청,관악구,2022-08-09 07:29:00,0.0,0.0
2301,관악구청,관악구,2022-08-09 07:39:00,0.5,0.5
2301,관악구청,관악구,2022-08-09 07:49:00,0.0,0.5
2301,관악구청,관악구,2022-08-09 07:59:00,0.0,0.5
2301,관악구청,관악구,2022-08-09 08:09:00,0.0,0.5
2301,관악구청,관악구,2022-08-09 08:19:00,0.0,0.5
2301,관악구청,관악구,2022-08-09 08:29:00,0.0,0.5
2301,관악구청,관악구,2022-08-09 08:39:00,0.0,0.0
2301,관악구청,관악구,2022-08-09 08:49:00,0.0,0.0
2301,관악구청,관악구,2022-08-09 08:59:00,0.0,0.0
2301,관악구청,관악구,2022-08-09 09:09:00,0.0,0.0
2301,관악구청,관악구,2022-08-09 09:19:00,0.0,0.0
2301,관악구청,관악구,2022-08-09 09:29:00,0.0,0.0
2301,관악구청,관악구,2022-08-09 09:39:00,1.0,1.0
2301,관악구청,관악구,2022-08-09 09:49:00,1.5,2.5
2301,관악구청,관악구,2022-08-09 09:59:00,0.5,3.0
2301,관악구청,관악구,2022-08-09 10:09:00,0.0,3.0
2301,관악구청,관악구,2022-08-09 10:19:00,0.5,3.5
2301,관악구청,관악구,2022-08-09 10:29:00,0.0,3.5
2301,관악구청,관악구,2022-08-09 10:39:00,0.0,2.5
2301,관악구청,관악구,2022-08-09 10:49:00,0.0,1.0
2301,관악구청,관악구,2022-08-09 10:59:00,0.5,1.0
2301,관악구청,관악구,2022-08-09 11:09:00,1.0,2.0
2301,관악구청,관악구,2022-08-09 11:19:00,0.5,2.0
2301,관악구청,관악구,2022-08-09 11:29:00,2.0,4.0
2301,관악구청,관악구,2022-08-09 11:39:00,1.5,5.5
2301,관악구청,관악구,2022-08-09 11:49:00,1.0,6.5
2301,관악구청,관악구,2022-08-09 11:59:00,0.5,6.5
2301,관악구청,관악구,2022-08-09 12:09:00,2.5,8.0
2301,관악구청,관악구,2022-08-09 12:19:00,1.5,9.0
2301,관악구청,관악구,2022-08-09 12:29:00,0.5,7.5
2301,관악구청,관악구,2022-08-09 12:39:00,0.5,6.5
2301,관악구청,관악구,2022-08-09 12:49:00,0.0,5.5
2301,관악구청,관악구,2022-08-09 12:59:00,0.0,5.0
2301,관악구청,관악구,2022-08-09 13:09:00,0.5,3.0
2301,관악구청,관악구,2022-08-09 13:19:00,0.5,2.0
2301,관악구청,관악구,2022-08-09 13:29:00,0.0,1.5
2301,관악구청,관악구,2022-08-09 13:39:00,0.5,1.5
2301,관악구청,관악구,2022-08-09 13:49:00,0.0,1.5
2301,관악구청,관악구,2022-08-09 13:59:00,0.0,1.5
2301,관악구청,관악구,2022-08-09 14:09:00,0.0,1.0
2301,관악구청,관악구,2022-08-09 14:19:00,0.0,0.5
2301,관악구청,관악구,2022-08-09 14:29:00,0.5,1.0
2301,관악구청,관악구,2022-08-09 14:39:00,0.0,0.5
2301,관악구청,관악구,2022-08-09 14:49:00,0.0,0.5
2301,관악구청,관악구,2022-08-09 14:59:00,0.0,0.5
2301,관악구청,관악구,2022-08-09 15:09:00,0.0,0.5
2301,관악구청,관악구,2022-08-09 15:19:00,0.5,1.0
2301,관악구청,관악구,2022-08-09 15:29:00,0.0,0.5
2301,관악구청,관악구,2022-08-09 15:39:00,0.0,0.5
2301,관악구청,관악구,2022-08-09 15:49:00,0.0,0.5
2301,관악구청,관악구,2022-08-09 15:59:00,0.0,0.5
2301,관악구청,관악구,2022-08-09 16:09:00,0.0,0.5
2301,관악구청,관악구,2022-08-09 16:19:00,0.5,0.5
2301,관악구청,관악구,2022-08-09 16:29:00,0.0,0.5
2301,관악구청,관악구,2022-08-09 16:39:00,0.0,0.5
2301,관악구청,관악구,2022-08-09 16:49:00,0.0,0.5
2301,관악구청,관악구,2022-08-09 16:59:00,0.0,0.5
2301,관악구청,관악구,2022-08-09 17:08:00,0.5,1.0
2301,관악구청,관악구,2022-08-09 17:19:00,0.0,0.5
2301,관악구청,관악구,2022-08-09 17:29:00,0.5,1.0
2301,관악구청,관악구,2022-08-09 17:39:00,1.0,2.0
2301,관악구청,관악구,2022-08-09 17:49:00,5.5,7.5
2301,관악구청,관악구,2022-08-09 17:59:00,7.0,14.5
2301,관악구청,관악구,2022-08-09 18:09:00,0.5,14.5
2301,관악구청,관악구,2022-08-09 18:19:00,0.5,15.0
2301,관악구청,관악구,2022-08-09 18:29:00,1.0,15.5
2301,관악구청,관악구,2022-08-09 18:39:00,1.0,15.5
2301,관악구청,관악구,2022-08-09 18:49:00,1.0,11.0
2301,관악구청,관악구,2022-08-09 18:59:00,0.5,4.5
2301,관악구청,관악구,2022-08-09 19:09:00,0.5,4.5
2301,관악구청,관악구,2022-08-09 19:19:00,1.0,5.0
2301,관악구청,관악구,2022-08-09 19:29:00,0.5,4.5
2301,관악구청,관악구,2022-08-09 19:39:00,0.5,4.0
2301,관악구청,관악구,2022-08-09 19:49:00,1.5,4.5
2301,관악구청,관악구,2022-08-09 19:59:00,2.0,6.0
2301,관악구청,관악구,2022-08-09 20:09:00,0.5,6.0
2301,관악구청,관악구,2022-08-09 20:19:00,0.5,5.5
2301,관악구청,관악구,2022-08-09 20:29:00,3.5,8.5
2301,관악구청,관악구,2022-08-09 20:39:00,1.0,9.0
2301,관악구청,관악구,2022-08-09 20:49:00,6.0,13.5
2301,관악구청,관악구,2022-08-09 20:59:00,1.0,12.5
2301,관악구청,관악구,2022-08-09 21:09:00,0.0,12.0
2301,관악구청,관악구,2022-08-09 21:19:00,0.0,11.5
2301,관악구청,관악구,2022-08-09 21:29:00,0.0,8.0
2301,관악구청,관악구,2022-08-09 21:39:00,0.0,7.0
2301,관악구청,관악구,2022-08-09 21:49:00,0.5,1.5
2301,관악구청,관악구,2022-08-09 21:59:00,0.0,0.5
2301,관악구청,관악구,2022-08-09 22:09:00,0.0,0.5
2301,관악구청,관악구,2022-08-09 22:19:00,0.5,1.0
2301,관악구청,관악구,2022-08-09 22:29:00,0.5,1.5
2301,관악구청,관악구,2022-08-09 22:39:00,5.5,7.0
2301,관악구청,관악구,2022-08-09 22:49:00,6.0,12.5
2301,관악구청,관악구,2022-08-09 22:59:00,0.0,12.5
2301,관악구청,관악구,2022-08-09 23:09:00,0.0,12.5
2301,관악구청,관악구,2022-08-09 23:19:00,0.0,12.0
2301,관악구청,관악구,2022-08-09 23:29:00,0.0,11.5
2301,관악구청,관악구,2022-08-09 23:39:00,1.0,7.0
2301,관악구청,관악구,2022-08-09 23:49:00,2.0,3.0
2301,관악구청,관악구,2022-08-09 23:59:00,0.0,3.0
2001,구로구청,구로구,2022-08-08 00:09:00,0.0,
2001,구로구청,구로구,2022-08-08 00:19:00,0.0,
2001,구로구청,구로구,2022-08-08 00:29:00,0.0,
2001,구로구청,구로구,2022-08-08 00:39:00,0.0,
2001,구로구청,구로구,2022-08-08 00:49:00,0.0,
2001,구로구청,구로구,2022-08-08 00:59:00,0.0,0.0
2001,구로구청,구로구,2022-08-08 01:09:00,0.0,0.0
2001,구로구청,구로구,2022-08-08 01:19:00,0.0,0.0
2001,구로구청,구로구,2022-08-08 01:29:00,0.0,0.0
2001,구로구청,구로구,2022-08-08 01:39:00,0.0,0.0
2001,구로구청,구로구,2022-08-08 01:49:00,0.0,0.0
2001,구로구청,구로구,2022-08-08 01:59:00,0.0,0.0
2001,구로구청,구로구,2022-08-08 02:09:00,0.0,0.0
2001,구로구청,구로구,2022-08-08 02:19:00,0.0,0.0
2001,구로구청,구로구,2022-08-08 02:29:00,0.0,0.0
2001,구로구청,구로구,2022-08-08 02:39:00,0.0,0.0
2001,구로구청,구로구,2022-08-08 02:49:00,0.0,0.0
2001,구로구청,구로구,2022-08-08 02:59:00,0.0,0.0
2001,구로구청,구로구,2022-08-08 03:09:00,0.0,0.0
2001,구로구청,구로구,2022-08-08 03:19:00,0.0,0.0
2001,구로구청,구로구,2022-08-08 03:29:00,0.0,0.0
2001,구로구청,구로구,2022-08-08 03:39:00,0.0,0.0
2001,구로구청,구로구,2022-08-08 03:49:00,0.0,0.0
2001,구로구청,구로구,2022-08-08 03:59:00,0.0,0.0
2001,구로구청,구로구,2022-08-08 04:09:00,0.0,0.0
2001,구로구청,구로구,2022-08-08 04:19:00,0.0,0.0
2001,구로구청,구로구,2022-08-08 04:29:00,0.0,0.0
2001,구로구청,구로구,2022-08-08 04:39:00,0.0,0.0
2001,구로구청,구로구,2022-08-08 04:49:00,0.0,0.0
2001,구로구청,구로구,2022-08-08 04:59:00,0.0,0.0
2001,구로구청,구로구,2022-08-08 05:09:00,0.0,0.0
2001,구로구청,구로구,2022-08-08 05:19:00,0.0,0.0
2001,구로구청,구로구,2022-08-08 05:29:00,0.0,0.0
2001,구로구청,구로구,2022-08-08 05:39:00,0.0,0.0
2001,구로구청,구로구,2022-08-08 05:49:00,0.0,0.0
2001,구로구청,구로구,2022-08-08 05:59:00,0.0,0.0
2001,구로구청,구로구,2022-08-08 06:09:00,0.0,0.0
2001,구로구청,구로구,2022-08-08 06:19:00,0.0,0.0
2001,구로구청,구로구,2022-08-08 06:29:00,0.0,0.0
2001,구로구청,구로구,2022-08-08 06:39:00,0.5,0.5
2001,구로구청,구로구,2022-08-08 06:49:00,0.0,0.5
2001,구로구청,구로구,2022-08-08 06:59:00,0.0,0.5
2001,구로구청,구로구,2022-08-08 07:09:00,0.0,0.5
2001,구로구청,구로구,2022-08-08 07:19:00,0.0,0.5
2001,구로구청,구로구,2022-08-08 07:29:00,0.0,0.5
2001,구로구청,구로구,2022-08-08 07:39:00,0.0,0.0
2001,구로구청,구로구,2022-08-08 07:49:00,0.0,0.0
2001,구로구청,구로구,2022-08-08 07:59:00,0.0,0.0
2001,구로구청,구로구,2022-08-08 08:09:00,0.0,0.0
2001,구로구청,구로구,2022-08-08 08:19:00,0.0,0.0
2001,구로구청,구로구,2022-08-08 08:29:00,0.5,0.5
2001,구로구청,구로구,2022-08-08 08:39:00,0.0,0.5
2001,구로구청,구로구,2022-08-08 08:49:00,0.0,0.5
2001,구로구청,구로구,2022-08-08 08:59:00,0.0,0.5
2001,구로구청,구로구,2022-08-08 09:09:00,0.0,0.5
2001,구로구청,구로구,2022-08-08 09:19:00,0.0,0.5
2001,구로구청,구로구,2022-08-08 09:29:00,0.0,0.0
2001,구로구청,구로구,2022-08-08 09:39:00,0.0,0.0
2001,구로구청,구로구,2022-08-08 09:49:00,0.0,0.0
2001,구로구청,구로구,2022-08-08 09:59:00,0.0,0.0
2001,구로구청,구로구,2022-08-08 10:09:00,0.0,0.0
2001,구로구청,구로구,2022-08-08 10:19:00,0.0,0.0
2001,구로구청,구로구,2022-08-08 10:29:00,0.0,0.0
2001,구로구청,구로구,2022-08-08 10:39:00,0.0,0.0
2001,구로구청,구로구,2022-08-08 10:49:00,0.0,0.0
2001,구로구청,구로구,2022-08-08 10:59:00,0.0,0.0
2001,구로구청,구로구,2022-08-08 11:09:00,0.0,0.0
2001,구로구청,구로구,2022-08-08 11:19:00,0.0,0.0
2001,구로구청,구로구,2022-08-08 11:29:00,0.0,0.0
2001,구로구청,구로구,2022-08-08 11:39:00,0.0,0.0
2001,구로구청,구로구,2022-08-08 11:49:00,0.0,0.0
2001,구로구청,구로구,2022-08-08 11:59:00,0.0,0.0
2001,구로구청,구로구,2022-08-08 12:09:00,0.5,0.5
2001,구로구청,구로구,2022-08-08 12:19:00,8.5,9.0
2001,구로구청,구로구,2022-08-08 12:29:00,4.5,13.5
2001,구로구청,구로구,2022-08-08 12:39:00,4.5,18.0
2001,구로구청,구로구,2022-08-08 12:49:00,10.0,28.0
2001,구로구청,구로구,2022-08-08 12:59:00,15.0,43.0
2001,구로구청,구로구,2022-08-08 13:09:00,13.5,56.0
2001,구로구청,구로구,2022-08-08 13:19:00,1.5,49.0
2001,구로구청,구로구,2022-08-08 13:29:00,0.5,45.0
2001,구로구청,구로구,2022-08-08 13:39:00,0.0,40.5
2001,구로구청,구로구,2022-08-08 13:49:00,0.5,31.0
2001,구로구청,구로구,2022-08-08 13:59:00,0.5,16.5
2001,구로구청,구로구,2022-08-08 14:09:00,0.0,3.0
2001,구로구청,구로구,2022-08-08 14:19:00,0.0,1.5
2001,구로구청,구로구,2022-08-08 14:29:00,0.0,1.0
2001,구로구청,구로구,2022-08-08 14:39:00,0.5,1.5
2001,구로구청,구로구,2022-08-08 14:49:00,0.0,1.0
2001,구로구청,구로구,2022-08-08 14:59:00,0.0,0.5
2001,구로구청,구로구,2022-08-08 15:09:00,0.0,0.5
2001,구로구청,구로구,2022-08-08 15:19:00,11.5,12.0
2001,구로구청,구로구,2022-08-08 15:29:00,4.0,16.0
2001,구로구청,구로구,2022-08-08 15:39:00,0.5,16.0
2001,구로구청,구로구,2022-08-08 15:49:00,0.5,16.5
2001,구로구청,구로구,2022-08-08 15:59:00,0.0,16.5
2001,구로구청,구로구,2022-08-08 16:09:00,0.0,16.5
2001,구로구청,구로구,2022-08-08 16:19:00,0.0,5.0
2001,구로구청,구로구,2022-08-08 16:29:00,0.0,1.0
2001,구로구청,구로구,2022-08-08 16:39:00,0.0,0.5
2001,구로구청,구로구,2022-08-08 16:49:00,0.0,0.0
2001,구로구청,구로구,2022-08-08 16:59:00,0.0,0.0
2001,구로구청,구로구,2022-08-08 17:09:00,0.0,0.0
2001,구로구청,구로구,2022-08-08 17:19:00,0.5,0.5
2001,구로구청,구로구,2022-08-08 17:29:00,0.0,0.5
2001,구로구청,구로구,2022-08-08 17:39:00,10.0,10.5
2001,구로구청,구로구,2022-08-08 17:49:00,11.0,21.5
2001,구로구청,구로구,2022-08-08 17:59:00,3.0,24.5
2001,구로구청,구로구,2022-08-08 18:09:00,1.5,26.0
2001,구로구청,구로구,2022-08-08 18:19:00,0.0,25.5
2001,구로구청,구로구,2022-08-08 18:29:00,0.0,25.5
2001,구로구청,구로구,2022-08-08 18:39:00,0.0,15.5
2001,구로구청,구로구,2022-08-08 18:49:00,0.5,5.0
2001,구로구청,구로구,2022-08-08 18:59:00,0.0,2.0
2001,구로구청,구로구,2022-08-08 19:09:00,0.0,0.5
2001,구로구청,구로구,2022-08-08 19:19:00,0.0,0.5
2001,구로구청,구로구,2022-08-08 19:29:00,9.5,10.0
2001,구로구청,구로구,2022-08-08 19:39:00,13.0,23.0
2001,구로구청,구로구,2022-08-08 19:49:00,9.5,32.0
2001,구로구청,구로구,2022-08-08 19:59:00,5.5,37.5
2001,구로구청,구로구,2022-08-08 20:09:00,26.5,64.0
2001,구로구청,구로구,2022-08-08 20:19:00,15.0,79.0
2001,구로구청,구로구,2022-08-08 20:29:00,20.0,89.5
2001,구로구청,구로구,2022-08-08 20:39:00,22.5,99.0
2001,구로구청,구로구,2022-08-08 20:49:00,16.0,105.5
2001,구로구청,구로구,2022-08-08 20:59:00,24.5,124.5
2001,구로구청,구로구,2022-08-08 21:09:00,10.0,108.0
2001,구로구청,구로구,2022-08-08 21:19:00,4.5,97.5
2001,구로구청,구로구,2022-08-08 21:29:00,8.5,86.0
2001,구로구청,구로구,2022-08-08 21:39:00,13.5,77.0
2001,구로구청,구로구,2022-08-08 21:49:00,10.0,71.0
2001,구로구청,구로구,2022-08-08 21:59:00,5.0,51.5
2001,구로구청,구로구,2022-08-08 22:09:00,1.0,42.5
2001,구로구청,구로구,2022-08-08 22:19:00,0.0,38.0
2001,구로구청,구로구,2022-08-08 22:29:00,5.5,35.0
2001,구로구청,구로구,2022-08-08 22:39:00,5.0,26.5
2001,구로구청,구로구,2022-08-08 22:49:00,0.5,17.0
2001,구로구청,구로구,2022-08-08 22:59:00,1.0,13.0
2001,구로구청,구로구,2022-08-08 23:09:00,0.0,12.0
2001,구로구청,구로구,2022-08-08 23:19:00,0.0,12.0
2001,구로구청,구로구,2022-08-08 23:29:00,0.0,6.5
2001,구로구청,구로구,2022-08-08 23:39:00,0.5,2.0
2001,구로구청,구로구,2022-08-08 23:49:00,0.0,1.5
2001,구로구청,구로구,2022-08-08 23:59:00,0.5,1.0
2001,구로구청,구로구,2022-08-09 00:09:00,0.5,1.5
2001,구로구청,구로구,2022-08-09 00:19:00,0.0,1.5
2001,구로구청,구로구,2022-08-09 00:29:00,0.5,2.0
2001,구로구청,구로구,2022-08-09 00:39:00,0.0,1.5
2001,구로구청,구로구,2022-08-09 00:49:00,0.0,1.5
2001,구로구청,구로구,2022-08-09 00:59:00,0.0,1.0
2001,구로구청,구로구,2022-08-09 01:09:00,0.0,0.5
2001,구로구청,구로구,2022-08-09 01:19:00,0.0,0.5
2001,구로구청,구로구,2022-08-09 01:29:00,0.0,0.0
2001,구로구청,구로구,2022-08-09 01:39:00,0.5,0.5
2001,구로구청,구로구,2022-08-09 01:49:00,0.5,1.0
2001,구로구청,구로구,2022-08-09 01:59:00,2.5,3.5
2001,구로구청,구로구,2022-08-09 02:09:00,6.5,10.0
2001,구로구청,구로구,2022-08-09 02:19:00,7.5,17.5
2001,구로구청,구로구,2022-08-09 02:29:00,2.5,20.0
2001,구로구청,구로구,2022-08-09 02:39:00,0.0,19.5
2001,구로구청,구로구,2022-08-09 02:49:00,1.0,20.0
2001,구로구청,구로구,2022-08-09 02:59:00,0.5,18.0
2001,구로구청,구로구,2022-08-09 03:09:00,1.0,12.5
2001,구로구청,구로구,2022-08-09 03:19:00,0.5,5.5
2001,구로구청,구로구,2022-08-09 03:29:00,0.0,3.0
2001,구로구청,구로구,2022-08-09 03:39:00,0.0,3.0
2001,구로구청,구로구,2022-08-09 03:49:00,2.5,4.5
2001,구로구청,구로구,2022-08-09 03:59:00,6.5,10.5
2001,구로구청,구로구,2022-08-09 04:09:00,0.5,10.0
2001,구로구청,구로구,2022-08-09 04:19:00,0.0,9.5
2001,구로구청,구로구,2022-08-09 04:29:00,0.0,9.5
2001,구로구청,구로구,2022-08-09 04:39:00,0.0,9.5
2001,구로구청,구로구,2022-08-09 04:49:00,0.5,7.5
2001,구로구청,구로구,2022-08-09 04:59:00,0.0,1.0
2001,구로구청,구로구,2022-08-09 05:09:00,0.0,0.5
2001,구로구청,구로구,2022-08-09 05:19:00,0.5,1.0
2001,구로구청,구로구,2022-08-09 05:29:00,0.0,1.0
2001,구로구청,구로구,2022-08-09 05:39:00,0.5,1.5
2001,구로구청,구로구,2022-08-09 05:49:00,0.0,1.0
2001,구로구청,구로구,2022-08-09 05:59:00,0.0,1.0
2001,구로구청,구로구,2022-08-09 06:09:00,0.5,1.5
2001,구로구청,구로구,2022-08-09 06:19:00,0.0,1.0
2001,구로구청,구로구,2022-08-09 06:29:00,0.0,1.0
2001,구로구청,구로구,2022-08-09 06:39:00,0.0,0.5
2001,구로구청,구로구,2022-08-09 06:49:00,0.0,0.5
2001,구로구청,구로구,2022-08-09 06:59:00,0.0,0.5
2001,구로구청,구로구,2022-08-09 07:09:00,0.0,0.0
2001,구로구청,구로구,2022-08-09 07:19:00,0.0,0.0
2001,구로구청,구로구,2022-08-09 07:29:00,0.0,0.0
2001,구로구청,구로구,2022-08-09 07:39:00,0.0,0.0
2001,구로구청,구로구,2022-08-09 07:49:00,0.0,0.0
2001,구로구청,구로구,2022-08-09 07:59:00,0.0,0.0
2001,구로구청,구로구,2022-08-09 08:09:00,0.0,0.0
2001,구로구청,구로구,2022-08-09 08:19:00,0.0,0.0
2001,구로구청,구로구,2022-08-09 08:29:00,0.0,0.0
2001,구로구청,구로구,2022-08-09 08:39:00,0.0,0.0
2001,구로구청,구로구,2022-08-09 08:49:00,0.0,0.0
2001,구로구청,구로구,2022-08-09 08:59:00,0.0,0.0
2001,구로구청,구로구,2022-08-09 09:09:00,0.0,0.0
2001,구로구청,구로구,2022-08-09 09:19:00,0.5,0.5
2001,구로구청,구로구,2022-08-09 09:29:00,0.0,0.5
2001,구로구청,구로구,2022-08-09 09:39:00,1.5,2.0
2001,구로구청,구로구,2022-08-09 09:49:00,0.5,2.5
2001,구로구청,구로구,2022-08-09 09:59:00,0.0,2.5
2001,구로구청,구로구,2022-08-09 10:09:00,0.0,2.5
2001,구로구청,구로구,2022-08-09 10:19:00,0.5,2.5
2001,구로구청,구로구,2022-08-09 10:29:00,0.0,2.5
2001,구로구청,구로구,2022-08-09 10:39:00,0.0,1.0
2001,구로구청,구로구,2022-08-09 10:49:00,0.0,0.5
2001,구로구청,구로구,2022-08-09 10:59:00,0.0,0.5
2001,구로구청,구로구,2022-08-09 11:09:00,1.0,1.5
2001,구로구청,구로구,2022-08-09 11:19:00,1.0,2.0
2001,구로구청,구로구,2022-08-09 11:29:00,1.0,3.0
2001,구로구청,구로구,2022-08-09 11:39:00,2.0,5.0
2001,구로구청,구로구,2022-08-09 11:49:00,1.5,6.5
2001,구로구청,구로구,2022-08-09 11:59:00,0.5,7.0
2001,구로구청,구로구,2022-08-09 12:09:00,2.0,8.0
2001,구로구청,구로구,2022-08-09 12:19:00,7.0,14.0
2001,구로구청,구로구,2022-08-09 12:29:00,3.0,16.0
2001,구로구청,구로구,2022-08-09 12:39:00,1.0,15.0
2001,구로구청,구로구,2022-08-09 12:49:00,0.5,14.0
2001,구로구청,구로구,2022-08-09 12:59:00,0.5,14.0
2001,구로구청,구로구,2022-08-09 13:09:00,7.0,19.0
2001,구로구청,구로구,2022-08-09 13:19:00,1.0,13.0
2001,구로구청,구로구,2022-08-09 13:29:00,0.5,10.5
2001,구로구청,구로구,2022-08-09 13:39:00,0.0,9.5
2001,구로구청,구로구,2022-08-09 13:49:00,0.0,9.0
2001,구로구청,구로구,2022-08-09 13:59:00,0.5,9.0
2001,구로구청,구로구,2022-08-09 14:09:00,0.0,2.0
2001,구로구청,구로구,2022-08-09 14:19:00,0.0,1.0
2001,구로구청,구로구,2022-08-09 14:29:00,0.0,0.5
2001,구로구청,구로구,2022-08-09 14:39:00,0.5,1.0
2001,구로구청,구로구,2022-08-09 14:49:00,0.0,1.0
2001,구로구청,구로구,2022-08-09 14:59:00,0.0,0.5
2001,구로구청,구로구,2022-08-09 15:09:00,0.0,0.5
2001,구로구청,구로구,2022-08-09 15:19:00,0.0,0.5
2001,구로구청,구로구,2022-08-09 15:29:00,0.0,0.5
2001,구로구청,구로구,2022-08-09 15:39:00,0.0,0.0
2001,구로구청,구로구,2022-08-09 15:49:00,0.0,0.0
2001,구로구청,구로구,2022-08-09 15:59:00,0.0,0.0
2001,구로구청,구로구,2022-08-09 16:09:00,0.0,0.0
2001,구로구청,구로구,2022-08-09 16:19:00,0.5,0.5
2001,구로구청,구로구,2022-08-09 16:29:00,0.0,0.5
2001,구로구청,구로구,2022-08-09 16:39:00,0.0,0.5
2001,구로구청,구로구,2022-08-09 16:49:00,0.0,0.5
2001,구로구청,구로구,2022-08-09 16:58:00,0.5,1.0
2001,구로구청,구로구,2022-08-09 17:09:00,0.0,1.0
2001,구로구청,구로구,2022-08-09 17:19:00,1.0,1.5
2001,구로구청,구로구,2022-08-09 17:29:00,1.0,2.5
2001,구로구청,구로구,2022-08-09 17:39:00,3.5,6.0
2001,구로구청,구로구,2022-08-09 17:49:00,12.0,18.0
2001,구로구청,구로구,2022-08-09 17:59:00,0.5,18.0
2001,구로구청,구로구,2022-08-09 18:09:00,1.5,19.5
2001,구로구청,구로구,2022-08-09 18:19:00,1.0,19.5
2001,구로구청,구로구,2022-08-09 18:29:00,1.0,19.5
2001,구로구청,구로구,2022-08-09 18:39:00,1.0,17.0
2001,구로구청,구로구,2022-08-09 18:49:00,0.5,5.5
2001,구로구청,구로구,2022-08-09 18:59:00,0.5,5.5
2001,구로구청,구로구,2022-08-09 19:09:00,0.5,4.5
2001,구로구청,구로구,2022-08-09 19:19:00,0.5,4.0
2001,구로구청,구로구,2022-08-09 19:29:00,0.5,3.5
2001,구로구청,구로구,2022-08-09 19:39:00,1.0,3.5
2001,구로구청,구로구,2022-08-09 19:49:00,2.0,5.0
2001,구로구청,구로구,2022-08-09 19:59:00,2.0,6.5
2001,구로구청,구로구,2022-08-09 20:09:00,1.0,7.0
2001,구로구청,구로구,2022-08-09 20:19:00,1.5,8.0
2001,구로구청,구로구,2022-08-09 20:29:00,2.5,10.0
2001,구로구청,구로구,2022-08-09 20:39:00,4.5,13.5
2001,구로구청,구로구,2022-08-09 20:49:00,3.5,15.0
2001,구로구청,구로구,2022-08-09 20:59:00,0.5,13.5
2001,구로구청,구로구,2022-08-09 21:09:00,0.0,12.5
2001,구로구청,구로구,2022-08-09 21:19:00,0.0,11.0
2001,구로구청,구로구,2022-08-09 21:29:00,0.0,8.5
2001,구로구청,구로구,2022-08-09 21:39:00,0.0,4.0
2001,구로구청,구로구,2022-08-09 21:49:00,0.5,1.0
2001,구로구청,구로구,2022-08-09 21:59:00,0.0,0.5
2001,구로구청,구로구,2022-08-09 22:09:00,0.0,0.5
2001,구로구청,구로구,2022-08-09 22:19:00,0.0,0.5
2001,구로구청,구로구,2022-08-09 22:29:00,5.5,6.0
2001,구로구청,구로구,2022-08-09 22:39:00,7.5,13.5
2001,구로구청,구로구,2022-08-09 22:49:00,0.0,13.0
2001,구로구청,구로구,2022-08-09 22:59:00,0.0,13.0
2001,구로구청,구로구,2022-08-09 23:09:00,0.5,13.5
2001,구로구청,구로구,2022-08-09 23:19:00,0.0,13.5
2001,구로구청,구로구,2022-08-09 23:29:00,1.0,9.0
2001,구로구청,구로구,2022-08-09 23:39:00,3.0,4.5
2001,구로구청,구로구,2022-08-09 23:49:00,2.5,7.0
2001,구로구청,구로구,2022-08-09 23:59:00,0.0,7.0
1902,도림2동P,영등포구,2022-08-08 00:09:00,0.0,
1902,도림2동P,영등포구,2022-08-08 00:19:00,0.0,
1902,도림2동P,영등포구,2022-08-08 00:29:00,0.0,
1902,도림2동P,영등포구,2022-08-08 00:39:00,0.0,
1902,도림2동P,영등포구,2022-08-08 00:49:00,0.0,
1902,도림2동P,영등포구,2022-08-08 00:59:00,0.0,0.0
1902,도림2동P,영등포구,2022-08-08 01:09:00,0.0,0.0
1902,도림2동P,영등포구,2022-08-08 01:19:00,0.0,0.0
1902,도림2동P,영등포구,2022-08-08 01:29:00,0.0,0.0
1902,도림2동P,영등포구,2022-08-08 01:39:00,0.0,0.0
1902,도림2동P,영등포구,2022-08-08 01:49:00,0.0,0.0
1902,도림2동P,영등포구,2022-08-08 01:59:00,0.0,0.0
1902,도림2동P,영등포구,2022-08-08 02:09:00,0.0,0.0
1902,도림2동P,영등포구,2022-08-08 02:19:00,0.0,0.0
1902,도림2동P,영등포구,2022-08-08 02:29:00,0.0,0.0
1902,도림2동P,영등포구,2022-08-08 02:39:00,0.0,0.0
1902,도림2동P,영등포구,2022-08-08 02:49:00,0.0,0.0
1902,도림2동P,영등포구,2022-08-08 02:59:00,0.0,0.0
1902,도림2동P,영등포구,2022-08-08 03:09:00,0.0,0.0
1902,도림2동P,영등포구,2022-08-08 03:19:00,0.0,0.0
1902,도림2동P,영등포구,2022-08-08 03:29:00,0.0,0.0
1902,도림2동P,영등포구,2022-08-08 03:39:00,0.0,0.0
1902,도림2동P,영등포구,2022-08-08 03:49:00,0.0,0.0
1902,도림2동P,영등포구,2022-08-08 03:59:00,0.0,0.0
1902,도림2동P,영등포구,2022-08-08 04:09:00,0.0,0.0
1902,도림2동P,영등포구,2022-08-08 04:19:00,0.0,0.0
1902,도림2동P,영등포구,2022-08-08 04:29:00,0.0,0.0
1902,도림2동P,영등포구,2022-08-08 04:39:00,0.0,0.0
1902,도림2동P,영등포구,2022-08-08 04:49:00,0.0,0.0
1902,도림2동P,영등포구,2022-08-08 04:59:00,0.0,0.0
1902,도림2동P,영등포구,2022-08-08 05:09:00,0.0,0.0
1902,도림2동P,영등포구,2022-08-08 05:19:00,0.0,0.0
1902,도림2동P,영등포구,2022-08-08 05:29:00,0.0,0.0
1902,도림2동P,영등포구,2022-08-08 05:39:00,0.5,0.5
1902,도림2동P,영등포구,2022-08-08 05:49:00,0.0,0.5
1902,도림2동P,영등포구,2022-08-08 05:59:00,0.0,0.5
1902,도림2동P,영등포구,2022-08-08 06:09:00,0.0,0.5
1902,도림2동P,영등포구,2022-08-08 06:19:00,0.0,0.5
1902,도림2동P,영등포구,2022-08-08 06:29:00,0.0,0.5
1902,도림2동P,영등포구,2022-08-08 06:39:00,0.0,0.0
1902,도림2동P,영등포구,2022-08-08 06:49:00,0.0,0.0
1902,도림2동P,영등포구,2022-08-08 06:59:00,0.0,0.0
1902,도림2동P,영등포구,2022-08-08 07:09:00,0.0,0.0
1902,도림2동P,영등포구,2022-08-08 07:19:00,0.0,0.0
1902,도림2동P,영등포구,2022-08-08 07:29:00,0.5,0.5
1902,도림2동P,영등포구,2022-08-08 07:39:00,0.0,0.5
1902,도림2동P,영등포구,2022-08-08 07:49:00,0.0,0.5
1902,도림2동P,영등포구,2022-08-08 07:59:00,0.0,0.5
1902,도림2동P,영등포구,2022-08-08 08:09:00,0.0,0.5
1902,도림2동P,영등포구,2022-08-08 08:19:00,0.0,0.5
1902,도림2동P,영등포구,2022-08-08 08:29:00,0.0,0.0
1902,도림2동P,영등포구,2022-08-08 08:39:00,0.0,0.0
1902,도림2동P,영등포구,2022-08-08 08:49:00,0.0,0.0
1902,도림2동P,영등포구,2022-08-08 08:59:00,0.5,0.5
1902,도림2동P,영등포구,2022-08-08 09:09:00,0.0,0.5
1902,도림2동P,영등포구,2022-08-08 09:19:00,0.0,0.5
1902,도림2동P,영등포구,2022-08-08 09:29:00,0.0,0.5
1902,도림2동P,영등포구,2022-08-08 09:39:00,0.0,0.5
1902,도림2동P,영등포구,2022-08-08 09:49:00,0.0,0.5
1902,도림2동P,영등포구,2022-08-08 09:59:00,0.0,0.0
1902,도림2동P,영등포구,2022-08-08 10:09:00,0.0,0.0
1902,도림2동P,영등포구,2022-08-08 10:19:00,0.0,0.0
1902,도림2동P,영등포구,2022-08-08 10:29:00,0.0,0.0
1902,도림2동P,영등포구,2022-08-08 10:39:00,0.0,0.0
1902,도림2동P,영등포구,2022-08-08 10:49:00,0.0,0.0
1902,도림2동P,영등포구,2022-08-08 10:59:00,0.0,0.0
1902,도림2동P,영등포구,2022-08-08 11:09:00,0.0,0.0
1902,도림2동P,영등포구,2022-08-08 11:19:00,0.0,0.0
1902,도림2동P,영등포구,2022-08-08 11:29:00,0.0,0.0
1902,도림2동P,영등포구,2022-08-08 11:39:00,0.0,0.0
1902,도림2동P,영등포구,2022-08-08 11:49:00,0.0,0.0
1902,도림2동P,영등포구,2022-08-08 11:59:00,0.0,0.0
1902,도림2동P,영등포구,2022-08-08 12:09:00,0.5,0.5
1902,도림2동P,영등포구,2022-08-08 12:19:00,4.0,4.5
1902,도림2동P,영등포구,2022-08-08 12:29:00,6.5,11.0
1902,도림2동P,영등포구,2022-08-08 12:39:00,6.0,17.0
1902,도림2동P,영등포구,2022-08-08 12:49:00,10.5,27.5
1902,도림2동P,영등포구,2022-08-08 12:59:00,13.5,41.0
1902,도림2동P,영등포구,2022-08-08 13:09:00,17.0,57.5
1902,도림2동P,영등포구,2022-08-08 13:19:00,4.5,58.0
1902,도림2동P,영등포구,2022-08-08 13:29:00,0.0,51.5
1902,도림2동P,영등포구,2022-08-08 13:39:00,0.5,46.0
1902,도림2동P,영등포구,2022-08-08 13:49:00,0.0,35.5
1902,도림2동P,영등포구,2022-08-08 13:59:00,0.5,22.5
1902,도림2동P,영등포구,2022-08-08 14:09:00,0.0,5.5
1902,도림2동P,영등포구,2022-08-08 14:19:00,0.5,1.5
1902,도림2동P,영등포구,2022-08-08 14:29:00,0.0,1.5
1902,도림2동P,영등포구,2022-08-08 14:39:00,0.0,1.0
1902,도림2동P,영등포구,2022-08-08 14:49:00,0.5,1.5
1902,도림2동P,영등포구,2022-08-08 14:59:00,0.0,1.0
1902,도림2동P,영등포구,2022-08-08 15:09:00,0.0,1.0
1902,도림2동P,영등포구,2022-08-08 15:19:00,4.5,5.0
1902,도림2동P,영등포구,2022-08-08 15:29:00,5.5,10.5
1902,도림2동P,영등포구,2022-08-08 15:39:00,0.5,11.0
1902,도림2동P,영등포구,2022-08-08 15:49:00,0.5,11.0
1902,도림2동P,영등포구,2022-08-08 15:59:00,0.5,11.5
1902,도림2동P,영등포구,2022-08-08 16:09:00,0.0,11.5
1902,도림2동P,영등포구,2022-08-08 16:19:00,0.0,7.0
1902,도림2동P,영등포구,2022-08-08 16:29:00,0.0,1.5
1902,도림2동P,영등포구,2022-08-08 16:39:00,0.0,1.0
1902,도림2동P,영등포구,2022-08-08 16:49:00,0.0,0.5
1902,도림2동P,영등포구,2022-08-08 16:59:00,0.0,0.0
1902,도림2동P,영등포구,2022-08-08 17:09:00,0.0,0.0
1902,도림2동P,영등포구,2022-08-08 17:19:00,0.0,0.0
1902,도림2동P,영등포구,2022-08-08 17:29:00,0.5,0.5
1902,도림2동P,영등포구,2022-08-08 17:39:00,5.0,5.5
1902,도림2동P,영등포구,2022-08-08 17:49:00,14.0,19.5
1902,도림2동P,영등포구,2022-08-08 17:59:00,4.5,24.0
1902,도림2동P,영등포구,2022-08-08 18:09:00,2.0,26.0
1902,도림2동P,영등포구,2022-08-08 18:19:00,0.5,26.5
1902,도림2동P,영등포구,2022-08-08 18:29:00,0.0,26.0
1902,도림2동P,영등포구,2022-08-08 18:39:00,0.5,21.5
1902,도림2동P,영등포구,2022-08-08 18:49:00,0.5,8.0
1902,도림2동P,영등포구,2022-08-08 18:59:00,0.0,3.5
1902,도림2동P,영등포구,2022-08-08 19:09:00,0.0,1.5
1902,도림2동P,영등포구,2022-08-08 19:19:00,0.0,1.0
1902,도림2동P,영등포구,2022-08-08 19:29:00,1.5,2.5
1902,도림2동P,영등포구,2022-08-08 19:39:00,11.5,13.5
1902,도림2동P,영등포구,2022-08-08 19:49:00,15.5,28.5
1902,도림2동P,영등포구,2022-08-08 19:59:00,7.0,35.5
1902,도림2동P,영등포구,2022-08-08 20:09:00,14.5,50.0
1902,도림2동P,영등포구,2022-08-08 20:19:00,15.0,65.0
1902,도림2동P,영등포구,2022-08-08 20:29:00,16.0,79.5
1902,도림2동P,영등포구,2022-08-08 20:39:00,20.5,88.5
1902,도림2동P,영등포구,2022-08-08 20:49:00,12.0,85.0
1902,도림2동P,영등포구,2022-08-08 20:59:00,15.5,93.5
1902,도림2동P,영등포구,2022-08-08 21:09:00,10.5,89.5
1902,도림2동P,영등포구,2022-08-08 21:19:00,2.5,77.0
1902,도림2동P,영등포구,2022-08-08 21:29:00,4.5,65.5
1902,도림2동P,영등포구,2022-08-08 21:39:00,10.0,55.0
1902,도림2동P,영등포구,2022-08-08 21:49:00,9.5,52.5
1902,도림2동P,영등포구,2022-08-08 21:59:00,5.0,42.0
1902,도림2동P,영등포구,2022-08-08 22:09:00,1.0,32.5
1902,도림2동P,영등포구,2022-08-08 22:19:00,0.0,30.0
1902,도림2동P,영등포구,2022-08-08 22:29:00,2.0,27.5
1902,도림2동P,영등포구,2022-08-08 22:39:00,2.5,20.0
1902,도림2동P,영등포구,2022-08-08 22:49:00,0.5,11.0
1902,도림2동P,영등포구,2022-08-08 22:59:00,0.0,6.0
1902,도림2동P,영등포구,2022-08-08 23:09:00,0.0,5.0
1902,도림2동P,영등포구,2022-08-08 23:19:00,0.0,5.0
1902,도림2동P,영등포구,2022-08-08 23:29:00,0.0,3.0
1902,도림2동P,영등포구,2022-08-08 23:39:00,0.5,1.0
1902,도림2동P,영등포구,2022-08-08 23:49:00,0.5,1.0
1902,도림2동P,영등포구,2022-08-08 23:59:00,0.0,1.0
1902,도림2동P,영등포구,2022-08-09 00:09:00,1.0,2.0
1902,도림2동P,영등포구,2022-08-09 00:19:00,0.0,2.0
1902,도림2동P,영등포구,2022-08-09 00:29:00,0.0,2.0
1902,도림2동P,영등포구,2022-08-09 00:39:00,0.5,2.0
1902,도림2동P,영등포구,2022-08-09 00:49:00,0.0,1.5
1902,도림2동P,영등포구,2022-08-09 00:59:00,0.0,1.5
1902,도림2동P,영등포구,2022-08-09 01:09:00,0.0,0.5
1902,도림2동P,영등포구,2022-08-09 01:19:00,0.0,0.5
1902,도림2동P,영등포구,2022-08-09 01:29:00,0.0,0.5
1902,도림2동P,영등포구,2022-08-09 01:39:00,0.0,0.0
1902,도림2동P,영등포구,2022-08-09 01:49:00,0.0,0.0
1902,도림2동P,영등포구,2022-08-09 01:59:00,0.5,0.5
1902,도림2동P,영등포구,2022-08-09 02:09:00,2.0,2.5
1902,도림2동P,영등포구,2022-08-09 02:19:00,6.0,8.5
1902,도림2동P,영등포구,2022-08-09 02:29:00,1.0,9.5
1902,도림2동P,영등포구,2022-08-09 02:39:00,2.0,11.5
1902,도림2동P,영등포구,2022-08-09 02:49:00,2.0,13.5
1902,도림2동P,영등포구,2022-08-09 02:59:00,0.5,13.5
1902,도림2동P,영등포구,2022-08-09 03:09:00,0.5,12.0
1902,도림2동P,영등포구,2022-08-09 03:19:00,1.0,7.0
1902,도림2동P,영등포구,2022-08-09 03:29:00,0.0,6.0
1902,도림2동P,영등포구,2022-08-09 03:39:00,0.0,4.0
1902,도림2동P,영등포구,2022-08-09 03:49:00,0.5,2.5
1902,도림2동P,영등포구,2022-08-09 03:59:00,5.0,7.0
1902,도림2동P,영등포구,2022-08-09 04:09:00,4.0,10.5
1902,도림2동P,영등포구,2022-08-09 04:19:00,0.0,9.5
1902,도림2동P,영등포구,2022-08-09 04:29:00,0.0,9.5
1902,도림2동P,영등포구,2022-08-09 04:39:00,0.0,9.5
1902,도림2동P,영등포구,2022-08-09 04:49:00,0.0,9.0
1902,도림2동P,영등포구,2022-08-09 04:59:00,0.5,4.5
1902,도림2동P,영등포구,2022-08-09 05:09:00,0.0,0.5
1902,도림2동P,영등포구,2022-08-09 05:19:00,0.0,0.5
1902,도림2동P,영등포구,2022-08-09 05:29:00,0.5,1.0
1902,도림2동P,영등포구,2022-08-09 05:39:00,0.0,1.0
1902,도림2동P,영등포구,2022-08-09 05:49:00,0.0,1.0
1902,도림2동P,영등포구,2022-08-09 05:59:00,0.5,1.0
1902,도림2동P,영등포구,2022-08-09 06:09:00,0.0,1.0
1902,도림2동P,영등포구,2022-08-09 06:19:00,0.0,1.0
1902,도림2동P,영등포구,2022-08-09 06:29:00,0.0,0.5
1902,도림2동P,영등포구,2022-08-09 06:39:00,0.0,0.5
1902,도림2동P,영등포구,2022-08-09 06:49:00,0.0,0.5
1902,도림2동P,영등포구,2022-08-09 06:59:00,0.0,0.0
1902,도림2동P,영등포구,2022-08-09 07:09:00,0.0,0.0
1902,도림2동P,영등포구,2022-08-09 07:16:00,0.0,0.0
1902,도림2동P,영등포구,2022-08-09 07:29:00,0.5,0.5
1902,도림2동P,영등포구,2022-08-09 07:39:00,0.0,0.5
1902,도림2동P,영등포구,2022-08-09 07:49:00,0.0,0.5
1902,도림2동P,영등포구,2022-08-09 07:59:00,0.0,0.5
1902,도림2동P,영등포구,2022-08-09 08:09:00,0.0,0.5
1902,도림2동P,영등포구,2022-08-09 08:19:00,0.0,0.5
1902,도림2동P,영등포구,2022-08-09 08:29:00,0.0,0.0
1902,도림2동P,영등포구,2022-08-09 08:39:00,0.0,0.0
1902,도림2동P,영등포구,2022-08-09 08:49:00,0.0,0.0
1902,도림2동P,영등포구,2022-08-09 08:59:00,0.0,0.0
1902,도림2동P,영등포구,2022-08-09 09:09:00,0.0,0.0
1902,도림2동P,영등포구,2022-08-09 09:19:00,0.0,0.0
1902,도림2동P,영등포구,2022-08-09 09:29:00,0.0,0.0
1902,도림2동P,영등포구,2022-08-09 09:39:00,0.5,0.5
1902,도림2동P,영등포구,2022-08-09 09:49:00,1.5,2.0
1902,도림2동P,영등포구,2022-08-09 09:59:00,0.0,2.0
1902,도림2동P,영등포구,2022-08-09 10:09:00,0.0,2.0
1902,도림2동P,영등포구,2022-08-09 10:19:00,0.0,2.0
1902,도림2동P,영등포구,2022-08-09 10:29:00,0.5,2.5
1902,도림2동P,영등포구,2022-08-09 10:38:00,0.0,2.0
1902,도림2동P,영등포구,2022-08-09 10:49:00,0.0,0.5
1902,도림2동P,영등포구,2022-08-09 10:59:00,0.0,0.5
1902,도림2동P,영등포구,2022-08-09 11:09:00,1.0,1.5
1902,도림2동P,영등포구,2022-08-09 11:19:00,1.0,2.5
1902,도림2동P,영등포구,2022-08-09 11:29:00,1.0,3.0
1902,도림2동P,영등포구,2022-08-09 11:39:00,0.5,3.5
1902,도림2동P,영등포구,2022-08-09 11:49:00,2.0,5.5
1902,도림2동P,영등포구,2022-08-09 11:59:00,0.0,5.5
1902,도림2동P,영등포구,2022-08-09 12:09:00,1.0,5.5
1902,도림2동P,영등포구,2022-08-09 12:19:00,5.5,10.0
1902,도림2동P,영등포구,2022-08-09 12:29:00,5.5,14.5
1902,도림2동P,영등포구,2022-08-09 12:39:00,4.0,18.0
1902,도림2동P,영등포구,2022-08-09 12:49:00,0.5,16.5
1902,도림2동P,영등포구,2022-08-09 12:59:00,0.5,17.0
1902,도림2동P,영등포구,2022-08-09 13:09:00,4.5,20.5
1902,도림2동P,영등포구,2022-08-09 13:19:00,1.0,16.0
1902,도림2동P,영등포구,2022-08-09 13:29:00,0.0,10.5
1902,도림2동P,영등포구,2022-08-09 13:39:00,0.5,7.0
1902,도림2동P,영등포구,2022-08-09 13:49:00,0.0,6.5
1902,도림2동P,영등포구,2022-08-09 13:59:00,0.0,6.0
1902,도림2동P,영등포구,2022-08-09 14:09:00,0.0,1.5
1902,도림2동P,영등포구,2022-08-09 14:19:00,0.0,0.5
1902,도림2동P,영등포구,2022-08-09 14:29:00,0.0,0.5
1902,도림2동P,영등포구,2022-08-09 14:39:00,0.5,0.5
1902,도림2동P,영등포구,2022-08-09 14:49:00,0.0,0.5
1902,도림2동P,영등포구,2022-08-09 14:59:00,0.0,0.5
1902,도림2동P,영등포구,2022-08-09 15:09:00,0.0,0.5
1902,도림2동P,영등포구,2022-08-09 15:19:00,0.0,0.5
1902,도림2동P,영등포구,2022-08-09 15:29:00,0.0,0.5
1902,도림2동P,영등포구,2022-08-09 15:39:00,0.0,0.0
1902,도림2동P,영등포구,2022-08-09 15:49:00,0.0,0.0
1902,도림2동P,영등포구,2022-08-09 15:59:00,0.0,0.0
1902,도림2동P,영등포구,2022-08-09 16:09:00,0.0,0.0
1902,도림2동P,영등포구,2022-08-09 16:19:00,0.5,0.5
1902,도림2동P,영등포구,2022-08-09 16:29:00,0.0,0.5
1902,도림2동P,영등포구,2022-08-09 16:39:00,0.0,0.5
1902,도림2동P,영등포구,2022-08-09 16:49:00,0.5,1.0
1902,도림2동P,영등포구,2022-08-09 16:59:00,0.5,1.5
1902,도림2동P,영등포구,2022-08-09 17:09:00,0.0,1.5
1902,도림2동P,영등포구,2022-08-09 17:19:00,0.5,1.5
1902,도림2동P,영등포구,2022-08-09 17:29:00,1.0,2.5
1902,도림2동P,영등포구,2022-08-09 17:39:00,2.5,5.0
1902,도림2동P,영등포구,2022-08-09 17:49:00,10.5,15.0
1902,도림2동P,영등포구,2022-08-09 17:59:00,2.5,17.0
1902,도림2동P,영등포구,2022-08-09 18:09:00,0.5,17.5
1902,도림2동P,영등포구,2022-08-09 18:19:00,1.0,18.0
1902,도림2동P,영등포구,2022-08-09 18:29:00,1.5,18.5
1902,도림2동P,영등포구,2022-08-09 18:39:00,0.5,16.5
1902,도림2동P,영등포구,2022-08-09 18:49:00,0.5,6.5
1902,도림2동P,영등포구,2022-08-09 18:59:00,1.0,5.0
1902,도림2동P,영등포구,2022-08-09 19:09:00,0.5,5.0
1902,도림2동P,영등포구,2022-08-09 19:19:00,0.5,4.5
1902,도림2동P,영등포구,2022-08-09 19:29:00,0.5,3.5
1902,도림2동P,영등포구,2022-08-09 19:39:00,1.0,4.0
1902,도림2동P,영등포구,2022-08-09 19:49:00,1.5,5.0
1902,도림2동P,영등포구,2022-08-09 19:59:00,1.5,5.5
1902,도림2동P,영등포구,2022-08-09 20:09:00,1.0,6.0
1902,도림2동P,영등포구,2022-08-09 20:19:00,1.5,7.0
1902,도림2동P,영등포구,2022-08-09 20:29:00,3.0,9.5
1902,도림2동P,영등포구,2022-08-09 20:39:00,3.5,12.0
1902,도림2동P,영등포구,2022-08-09 20:49:00,3.5,14.0
1902,도림2동P,영등포구,2022-08-09 20:59:00,0.5,13.0
1902,도림2동P,영등포구,2022-08-09 21:09:00,0.0,12.0
1902,도림2동P,영등포구,2022-08-09 21:19:00,0.5,11.0
1902,도림2동P,영등포구,2022-08-09 21:29:00,0.0,8.0
1902,도림2동P,영등포구,2022-08-09 21:39:00,0.0,4.5
1902,도림2동P,영등포구,2022-08-09 21:49:00,0.5,1.5
1902,도림2동P,영등포구,2022-08-09 21:59:00,0.0,1.0
1902,도림2동P,영등포구,2022-08-09 22:09:00,0.0,1.0
1902,도림2동P,영등포구,2022-08-09 22:19:00,0.0,0.5
1902,도림2동P,영등포구,2022-08-09 22:29:00,3.0,3.5
1902,도림2동P,영등포구,2022-08-09 22:39:00,9.0,12.5
1902,도림2동P,영등포구,2022-08-09 22:49:00,0.0,12.0
1902,도림2동P,영등포구,2022-08-09 22:59:00,0.0,12.0
1902,도림2동P,영등포구,2022-08-09 23:09:00,0.5,12.5
1902,도림2동P,영등포구,2022-08-09 23:19:00,0.0,12.5
1902,도림2동P,영등포구,2022-08-09 23:29:00,1.0,10.5
1902,도림2동P,영등포구,2022-08-09 23:39:00,2.0,3.5
1902,도림2동P,영등포구,2022-08-09 23:49:00,2.5,6.0
1902,도림2동P,영등포구,2022-08-09 23:59:00,0.0,6.0
2101,동작구청,동작구,2022-08-08 00:09:00,0.0,
2101,동작구청,동작구,2022-08-08 00:19:00,0.0,
2101,동작구청,동작구,2022-08-08 00:29:00,0.0,
2101,동작구청,동작구,2022-08-08 00:39:00,0.0,
2101,동작구청,동작구,2022-08-08 00:49:00,0.0,
2101,동작구청,동작구,2022-08-08 00:59:00,0.0,0.0
2101,동작구청,동작구,2022-08-08 01:09:00,0.0,0.0
2101,동작구청,동작구,2022-08-08 01:19:00,0.0,0.0
2101,동작구청,동작구,2022-08-08 01:29:00,0.0,0.0
2101,동작구청,동작구,2022-08-08 01:39:00,0.0,0.0
2101,동작구청,동작구,2022-08-08 01:49:00,0.0,0.0
2101,동작구청,동작구,2022-08-08 01:59:00,0.0,0.0
2101,동작구청,동작구,2022-08-08 02:09:00,0.0,0.0
2101,동작구청,동작구,2022-08-08 02:19:00,0.0,0.0
2101,동작구청,동작구,2022-08-08 02:29:00,0.0,0.0
2101,동작구청,동작구,2022-08-08 02:39:00,0.0,0.0
2101,동작구청,동작구,2022-08-08 02:49:00,0.0,0.0
2101,동작구청,동작구,2022-08-08 02:59:00,0.0,0.0
2101,동작구청,동작구,2022-08-08 03:09:00,0.0,0.0
2101,동작구청,동작구,2022-08-08 03:19:00,0.0,0.0
2101,동작구청,동작구,2022-08-08 03:29:00,0.0,0.0
2101,동작구청,동작구,2022-08-08 03:39:00,0.0,0.0
2101,동작구청,동작구,2022-08-08 03:49:00,0.0,0.0
2101,동작구청,동작구,2022-08-08 03:59:00,0.0,0.0
2101,동작구청,동작구,2022-08-08 04:09:00,0.0,0.0
2101,동작구청,동작구,2022-08-08 04:19:00,0.0,0.0
2101,동작구청,동작구,2022-08-08 04:29:00,0.0,0.0
2101,동작구청,동작구,2022-08-08 04:39:00,0.0,0.0
2101,동작구청,동작구,2022-08-08 04:49:00,0.0,0.0
2101,동작구청,동작구,2022-08-08 04:59:00,0.0,0.0
2101,동작구청,동작구,2022-08-08 05:09:00,0.0,0.0
2101,동작구청,동작구,2022-08-08 05:19:00,0.0,0.0
2101,동작구청,동작구,2022-08-08 05:29:00,0.0,0.0
2101,동작구청,동작구,2022-08-08 05:39:00,0.0,0.0
2101,동작구청,동작구,2022-08-08 05:49:00,0.0,0.0
2101,동작구청,동작구,2022-08-08 05:59:00,0.0,0.0
2101,동작구청,동작구,2022-08-08 06:09:00,0.0,0.0
2101,동작구청,동작구,2022-08-08 06:19:00,0.5,0.5
2101,동작구청,동작구,2022-08-08 06:29:00,0.0,0.5
2101,동작구청,동작구,2022-08-08 06:39:00,0.0,0.5
2101,동작구청,동작구,2022-08-08 06:49:00,0.0,0.5
2101,동작구청,동작구,2022-08-08 06:59:00,0.0,0.5
2101,동작구청,동작구,2022-08-08 07:09:00,0.5,1.0
2101,동작구청,동작구,2022-08-08 07:19:00,0.0,0.5
2101,동작구청,동작구,2022-08-08 07:29:00,0.0,0.5
2101,동작구청,동작구,2022-08-08 07:39:00,0.0,0.5
2101,동작구청,동작구,2022-08-08 07:49:00,0.0,0.5
2101,동작구청,동작구,2022-08-08 07:59:00,0.0,0.5
2101,동작구청,동작구,2022-08-08 08:09:00,0.0,0.0
2101,동작구청,동작구,2022-08-08 08:19:00,0.0,0.0
2101,동작구청,동작구,2022-08-08 08:29:00,0.0,0.0
2101,동작구청,동작구,2022-08-08 08:39:00,0.5,0.5
2101,동작구청,동작구,2022-08-08 08:49:00,0.0,0.5
2101,동작구청,동작구,2022-08-08 08:59:00,0.0,0.5
2101,동작구청,동작구,2022-08-08 09:09:00,0.0,0.5
2101,동작구청,동작구,2022-08-08 09:19:00,0.0,0.5
2101,동작구청,동작구,2022-08-08 09:29:00,0.0,0.5
2101,동작구청,동작구,2022-08-08 09:39:00,0.0,0.0
2101,동작구청,동작구,2022-08-08 09:49:00,0.0,0.0
2101,동작구청,동작구,2022-08-08 09:59:00,0.0,0.0
2101,동작구청,동작구,2022-08-08 10:09:00,0.0,0.0
2101,동작구청,동작구,2022-08-08 10:19:00,0.0,0.0
2101,동작구청,동작구,2022-08-08 10:29:00,0.0,0.0
2101,동작구청,동작구,2022-08-08 10:39:00,0.5,0.5
2101,동작구청,동작구,2022-08-08 10:49:00,0.0,0.5
2101,동작구청,동작구,2022-08-08 10:59:00,0.0,0.5
2101,동작구청,동작구,2022-08-08 11:09:00,0.0,0.5
2101,동작구청,동작구,2022-08-08 11:19:00,0.0,0.5
2101,동작구청,동작구,2022-08-08 11:29:00,0.0,0.5
2101,동작구청,동작구,2022-08-08 11:39:00,0.0,0.0
2101,동작구청,동작구,2022-08-08 11:49:00,0.0,0.0
2101,동작구청,동작구,2022-08-08 11:59:00,0.0,0.0
2101,동작구청,동작구,2022-08-08 12:09:00,0.0,0.0
2101,동작구청,동작구,2022-08-08 12:19:00,8.5,8.5
2101,동작구청,동작구,2022-08-08 12:29:00,6.0,14.5
2101,동작구청,동작구,2022-08-08 12:39:00,5.5,20.0
2101,동작구청,동작구,2022-08-08 12:49:00,9.5,29.5
2101,동작구청,동작구,2022-08-08 12:59:00,15.5,45.0
2101,동작구청,동작구,2022-08-08 13:09:00,17.5,62.5
2101,동작구청,동작구,2022-08-08 13:19:00,5.5,59.5
2101,동작구청,동작구,2022-08-08 13:29:00,0.5,54.0
2101,동작구청,동작구,2022-08-08 13:39:00,0.5,49.0
2101,동작구청,동작구,2022-08-08 13:49:00,0.5,40.0
2101,동작구청,동작구,2022-08-08 13:59:00,0.5,25.0
2101,동작구청,동작구,2022-08-08 14:09:00,0.5,8.0
2101,동작구청,동작구,2022-08-08 14:19:00,0.0,2.5
2101,동작구청,동작구,2022-08-08 14:29:00,0.5,2.5
2101,동작구청,동작구,2022-08-08 14:39:00,0.0,2.0
2101,동작구청,동작구,2022-08-08 14:49:00,0.5,2.0
2101,동작구청,동작구,2022-08-08 14:59:00,0.0,1.5
2101,동작구청,동작구,2022-08-08 15:09:00,0.5,1.5
2101,동작구청,동작구,2022-08-08 15:19:00,0.0,1.5
2101,동작구청,동작구,2022-08-08 15:29:00,13.0,14.0
2101,동작구청,동작구,2022-08-08 15:39:00,1.0,15.0
2101,동작구청,동작구,2022-08-08 15:49:00,0.5,15.0
2101,동작구청,동작구,2022-08-08 15:59:00,0.5,15.5
2101,동작구청,동작구,2022-08-08 16:09:00,0.0,15.0
2101,동작구청,동작구,2022-08-08 16:19:00,0.0,15.0
2101,동작구청,동작구,2022-08-08 16:29:00,0.0,2.0
2101,동작구청,동작구,2022-08-08 16:39:00,0.0,1.0
2101,동작구청,동작구,2022-08-08 16:49:00,0.5,1.0
2101,동작구청,동작구,2022-08-08 16:59:00,0.0,0.5
2101,동작구청,동작구,2022-08-08 17:09:00,0.0,0.5
2101,동작구청,동작구,2022-08-08 17:19:00,0.0,0.5
2101,동작구청,동작구,2022-08-08 17:29:00,0.0,0.5
2101,동작구청,동작구,2022-08-08 17:39:00,3.0,3.5
2101,동작구청,동작구,2022-08-08 17:49:00,15.0,18.0
2101,동작구청,동작구,2022-08-08 17:59:00,6.0,24.0
2101,동작구청,동작구,2022-08-08 18:09:00,2.0,26.0
2101,동작구청,동작구,2022-08-08 18:19:00,0.5,26.5
2101,동작구청,동작구,2022-08-08 18:29:00,0.5,27.0
2101,동작구청,동작구,2022-08-08 18:39:00,0.0,24.0
2101,동작구청,동작구,2022-08-08 18:49:00,0.5,9.5
2101,동작구청,동작구,2022-08-08 18:59:00,0.0,3.5
2101,동작구청,동작구,2022-08-08 19:09:00,0.0,1.5
2101,동작구청,동작구,2022-08-08 19:19:00,0.0,1.0
2101,동작구청,동작구,2022-08-08 19:29:00,0.5,1.0
2101,동작구청,동작구,2022-08-08 19:39:00,12.5,13.5
2101,동작구청,동작구,2022-08-08 19:49:00,19.5,32.5
2101,동작구청,동작구,2022-08-08 19:59:00,14.0,46.5
2101,동작구청,동작구,2022-08-08 20:09:00,11.5,58.0
2101,동작구청,동작구,2022-08-08 20:19:00,24.0,82.0
2101,동작구청,동작구,2022-08-08 20:29:00,18.0,99.5
2101,동작구청,동작구,2022-08-08 20:39:00,28.5,115.5
2101,동작구청,동작구,2022-08-08 20:49:00,11.0,107.0
2101,동작구청,동작구,2022-08-08 20:59:00,14.5,107.5
2101,동작구청,동작구,2022-08-08 21:09:00,18.0,114.0
2101,동작구청,동작구,2022-08-08 21:19:00,1.5,91.5
2101,동작구청,동작구,2022-08-08 21:29:00,3.5,77.0
2101,동작구청,동작구,2022-08-08 21:39:00,0.0,48.5
2101,동작구청,동작구,2022-08-08 21:49:00,0.0,37.5
2101,동작구청,동작구,2022-08-08 21:59:00,0.0,23.0
2101,동작구청,동작구,2022-08-08 22:09:00,0.0,5.0
2101,동작구청,동작구,2022-08-08 22:19:00,0.0,3.5
2101,동작구청,동작구,2022-08-08 22:29:00,0.0,0.0
2101,동작구청,동작구,2022-08-08 22:39:00,0.0,0.0
2101,동작구청,동작구,2022-08-08 22:49:00,0.0,0.0
2101,동작구청,동작구,2022-08-08 22:59:00,0.0,0.0
2101,동작구청,동작구,2022-08-08 23:09:00,0.0,0.0
2101,동작구청,동작구,2022-08-08 23:12:00,0.0,0.0
2302,신림P,관악구,2022-08-08 00:09:00,0.0,
2302,신림P,관악구,2022-08-08 00:19:00,0.0,
2302,신림P,관악구,2022-08-08 00:29:00,0.0,
2302,신림P,관악구,2022-08-08 00:39:00,0.0,
2302,신림P,관악구,2022-08-08 00:49:00,0.0,
2302,신림P,관악구,2022-08-08 00:59:00,0.0,0.0
2302,신림P,관악구,2022-08-08 01:09:00,0.0,0.0
2302,신림P,관악구,2022-08-08 01:19:00,0.0,0.0
2302,신림P,관악구,2022-08-08 01:29:00,0.0,0.0
2302,신림P,관악구,2022-08-08 01:39:00,0.0,0.0
2302,신림P,관악구,2022-08-08 01:49:00,0.0,0.0
2302,신림P,관악구,2022-08-08 01:59:00,0.0,0.0
2302,신림P,관악구,2022-08-08 02:09:00,0.0,0.0
2302,신림P,관악구,2022-08-08 02:19:00,0.0,0.0
2302,신림P,관악구,2022-08-08 02:29:00,0.0,0.0
2302,신림P,관악구,2022-08-08 02:39:00,0.0,0.0
2302,신림P,관악구,2022-08-08 02:49:00,0.0,0.0
2302,신림P,관악구,2022-08-08 02:59:00,0.0,0.0
2302,신림P,관악구,2022-08-08 03:09:00,0.0,0.0
2302,신림P,관악구,2022-08-08 03:19:00,0.0,0.0
2302,신림P,관악구,2022-08-08 03:29:00,0.0,0.0
2302,신림P,관악구,2022-08-08 03:39:00,0.0,0.0
2302,신림P,관악구,2022-08-08 03:49:00,0.0,0.0
2302,신림P,관악구,2022-08-08 03:59:00,0.0,0.0
2302,신림P,관악구,2022-08-08 04:09:00,0.0,0.0
2302,신림P,관악구,2022-08-08 04:19:00,0.0,0.0
2302,신림P,관악구,2022-08-08 04:29:00,0.0,0.0
2302,신림P,관악구,2022-08-08 04:39:00,0.0,0.0
2302,신림P,관악구,2022-08-08 04:49:00,0.0,0.0
2302,신림P,관악구,2022-08-08 04:59:00,0.0,0.0
2302,신림P,관악구,2022-08-08 05:09:00,0.0,0.0
2302,신림P,관악구,2022-08-08 05:19:00,0.0,0.0
2302,신림P,관악구,2022-08-08 05:29:00,0.0,0.0
2302,신림P,관악구,2022-08-08 05:39:00,0.0,0.0
2302,신림P,관악구,2022-08-08 05:49:00,0.0,0.0
2302,신림P,관악구,2022-08-08 05:59:00,0.0,0.0
2302,신림P,관악구,2022-08-08 06:09:00,0.0,0.0
2302,신림P,관악구,2022-08-08 06:19:00,0.0,0.0
2302,신림P,관악구,2022-08-08 06:29:00,0.0,0.0
2302,신림P,관악구,2022-08-08 06:39:00,0.0,0.0
2302,신림P,관악구,2022-08-08 06:49:00,0.0,0.0
2302,신림P,관악구,2022-08-08 06:59:00,0.5,0.5
2302,신림P,관악구,2022-08-08 07:09:00,0.0,0.5
2302,신림P,관악구,2022-08-08 07:19:00,0.0,0.5
2302,신림P,관악구,2022-08-08 07:29:00,0.0,0.5
2302,신림P,관악구,2022-08-08 07:39:00,0.0,0.5
2302,신림P,관악구,2022-08-08 07:49:00,0.0,0.5
2302,신림P,관악구,2022-08-08 07:59:00,0.0,0.0
2302,신림P,관악구,2022-08-08 08:09:00,0.0,0.0
2302,신림P,관악구,2022-08-08 08:19:00,0.0,0.0
2302,신림P,관악구,2022-08-08 08:29:00,0.0,0.0
2302,신림P,관악구,2022-08-08 08:39:00,0.0,0.0
2302,신림P,관악구,2022-08-08 08:49:00,0.0,0.0
2302,신림P,관악구,2022-08-08 08:59:00,0.0,0.0
2302,신림P,관악구,2022-08-08 09:09:00,0.5,0.5
2302,신림P,관악구,2022-08-08 09:19:00,0.0,0.5
2302,신림P,관악구,2022-08-08 09:29:00,0.0,0.5
2302,신림P,관악구,2022-08-08 09:39:00,0.0,0.5
2302,신림P,관악구,2022-08-08 09:49:00,0.0,0.5
2302,신림P,관악구,2022-08-08 09:59:00,0.0,0.5
2302,신림P,관악구,2022-08-08 10:09:00,0.0,0.0
2302,신림P,관악구,2022-08-08 10:19:00,0.0,0.0
2302,신림P,관악구,2022-08-08 10:29:00,0.0,0.0
2302,신림P,관악구,2022-08-08 10:39:00,0.0,0.0
2302,신림P,관악구,2022-08-08 10:49:00,0.0,0.0
2302,신림P,관악구,2022-08-08 10:59:00,0.0,0.0
2302,신림P,관악구,2022-08-08 11:09:00,0.0,0.0
2302,신림P,관악구,2022-08-08 11:19:00,0.0,0.0
2302,신림P,관악구,2022-08-08 11:29:00,0.0,0.0
2302,신림P,관악구,2022-08-08 11:39:00,0.0,0.0
2302,신림P,관악구,2022-08-08 11:49:00,0.0,0.0
2302,신림P,관악구,2022-08-08 11:59:00,0.0,0.0
2302,신림P,관악구,2022-08-08 12:09:00,0.0,0.0
2302,신림P,관악구,2022-08-08 12:19:00,4.5,4.5
2302,신림P,관악구,2022-08-08 12:29:00,8.0,12.5
2302,신림P,관악구,2022-08-08 12:39:00,5.0,17.5
2302,신림P,관악구,2022-08-08 12:49:00,7.0,24.5
2302,신림P,관악구,2022-08-08 12:59:00,12.5,37.0
2302,신림P,관악구,2022-08-08 13:09:00,14.5,51.5
2302,신림P,관악구,2022-08-08 13:19:00,1.0,48.0
2302,신림P,관악구,2022-08-08 13:29:00,0.5,40.5
2302,신림P,관악구,2022-08-08 13:39:00,0.0,35.5
2302,신림P,관악구,2022-08-08 13:49:00,0.5,29.0
2302,신림P,관악구,2022-08-08 13:59:00,0.5,17.0
2302,신림P,관악구,2022-08-08 14:09:00,0.5,3.0
2302,신림P,관악구,2022-08-08 14:19:00,0.0,2.0
2302,신림P,관악구,2022-08-08 14:29:00,0.0,1.5
2302,신림P,관악구,2022-08-08 14:39:00,0.5,2.0
2302,신림P,관악구,2022-08-08 14:49:00,0.0,1.5
2302,신림P,관악구,2022-08-08 14:59:00,0.0,1.0
2302,신림P,관악구,2022-08-08 15:09:00,0.0,0.5
2302,신림P,관악구,2022-08-08 15:19:00,3.5,4.0
2302,신림P,관악구,2022-08-08 15:29:00,7.5,11.5
2302,신림P,관악구,2022-08-08 15:39:00,0.5,11.5
2302,신림P,관악구,2022-08-08 15:49:00,0.5,12.0
2302,신림P,관악구,2022-08-08 15:59:00,0.5,12.5
2302,신림P,관악구,2022-08-08 16:09:00,0.0,12.5
2302,신림P,관악구,2022-08-08 16:19:00,0.0,9.0
2302,신림P,관악구,2022-08-08 16:29:00,0.0,1.5
2302,신림P,관악구,2022-08-08 16:39:00,0.0,1.0
2302,신림P,관악구,2022-08-08 16:49:00,0.5,1.0
2302,신림P,관악구,2022-08-08 16:59:00,0.0,0.5
2302,신림P,관악구,2022-08-08 17:09:00,0.0,0.5
2302,신림P,관악구,2022-08-08 17:19:00,0.0,0.5
2302,신림P,관악구,2022-08-08 17:29:00,0.0,0.5
2302,신림P,관악구,2022-08-08 17:39:00,6.5,7.0
2302,신림P,관악구,2022-08-08 17:49:00,12.0,18.5
2302,신림P,관악구,2022-08-08 17:59:00,3.5,22.0
2302,신림P,관악구,2022-08-08 18:09:00,0.5,22.5
2302,신림P,관악구,2022-08-08 18:19:00,0.5,23.0
2302,신림P,관악구,2022-08-08 18:29:00,0.0,23.0
2302,신림P,관악구,2022-08-08 18:39:00,0.0,16.5
2302,신림P,관악구,2022-08-08 18:49:00,0.0,4.5
2302,신림P,관악구,2022-08-08 18:59:00,0.5,1.5
2302,신림P,관악구,2022-08-08 19:09:00,0.0,1.0
2302,신림P,관악구,2022-08-08 19:19:00,0.0,0.5
2302,신림P,관악구,2022-08-08 19:29:00,11.5,12.0
2302,신림P,관악구,2022-08-08 19:39:00,12.0,24.0
2302,신림P,관악구,2022-08-08 19:49:00,4.5,28.5
2302,신림P,관악구,2022-08-08 19:59:00,15.0,43.0
2302,신림P,관악구,2022-08-08 20:09:00,20.5,63.5
2302,신림P,관악구,2022-08-08 20:19:00,14.0,77.5
2302,신림P,관악구,2022-08-08 20:29:00,15.5,81.5
2302,신림P,관악구,2022-08-08 20:39:00,23.5,93.0
2302,신림P,관악구,2022-08-08 20:49:00,23.0,111.5
2302,신림P,관악구,2022-08-08 20:59:00,25.0,121.5
2302,신림P,관악구,2022-08-08 21:09:00,17.5,118.5
2302,신림P,관악구,2022-08-08 21:19:00,7.0,111.5
2302,신림P,관악구,2022-08-08 21:29:00,9.0,105.0
2302,신림P,관악구,2022-08-08 21:39:00,13.0,94.5
2302,신림P,관악구,2022-08-08 21:49:00,8.5,80.0
2302,신림P,관악구,2022-08-08 21:59:00,10.5,65.5
2302,신림P,관악구,2022-08-08 22:09:00,6.0,54.0
2302,신림P,관악구,2022-08-08 22:19:00,4.5,51.5
2302,신림P,관악구,2022-08-08 22:29:00,3.0,45.5
2302,신림P,관악구,2022-08-08 22:39:00,8.0,40.5
2302,신림P,관악구,2022-08-08 22:49:00,2.5,34.5
2302,신림P,관악구,2022-08-08 22:59:00,7.5,31.5
2302,신림P,관악구,2022-08-08 23:09:00,0.5,26.0
2302,신림P,관악구,2022-08-08 23:19:00,1.0,22.5
2302,신림P,관악구,2022-08-08 23:29:00,0.0,19.5
2302,신림P,관악구,2022-08-08 23:39:00,0.5,12.0
2302,신림P,관악구,2022-08-08 23:49:00,0.0,9.5
2302,신림P,관악구,2022-08-08 23:59:00,0.0,2.0
2302,신림P,관악구,2022-08-09 00:09:00,1.0,2.5
2302,신림P,관악구,2022-08-09 00:19:00,0.0,1.5
2302,신림P,관악구,2022-08-09 00:29:00,0.5,2.0
2302,신림P,관악구,2022-08-09 00:39:00,0.0,1.5
2302,신림P,관악구,2022-08-09 00:49:00,0.0,1.5
2302,신림P,관악구,2022-08-09 00:59:00,0.0,1.5
2302,신림P,관악구,2022-08-09 01:09:00,0.0,0.5
2302,신림P,관악구,2022-08-09 01:19:00,0.0,0.5
2302,신림P,관악구,2022-08-09 01:29:00,0.0,0.0
2302,신림P,관악구,2022-08-09 01:39:00,0.5,0.5
2302,신림P,관악구,2022-08-09 01:49:00,0.5,1.0
2302,신림P,관악구,2022-08-09 01:59:00,0.5,1.5
2302,신림P,관악구,2022-08-09 02:09:00,4.0,5.5
2302,신림P,관악구,2022-08-09 02:19:00,6.0,11.5
2302,신림P,관악구,2022-08-09 02:29:00,3.0,14.5
2302,신림P,관악구,2022-08-09 02:39:00,1.0,15.0
2302,신림P,관악구,2022-08-09 02:49:00,0.5,15.0
2302,신림P,관악구,2022-08-09 02:59:00,0.5,15.0
2302,신림P,관악구,2022-08-09 03:09:00,1.5,12.5
2302,신림P,관악구,2022-08-09 03:19:00,0.0,6.5
2302,신림P,관악구,2022-08-09 03:29:00,0.5,4.0
2302,신림P,관악구,2022-08-09 03:39:00,0.0,3.0
2302,신림P,관악구,2022-08-09 03:49:00,0.5,3.0
2302,신림P,관악구,2022-08-09 03:59:00,6.5,9.0
2302,신림P,관악구,2022-08-09 04:09:00,1.0,8.5
2302,신림P,관악구,2022-08-09 04:19:00,0.0,8.5
2302,신림P,관악구,2022-08-09 04:29:00,0.0,8.0
2302,신림P,관악구,2022-08-09 04:39:00,0.0,8.0
2302,신림P,관악구,2022-08-09 04:49:00,0.5,8.0
2302,신림P,관악구,2022-08-09 04:59:00,0.0,1.5
2302,신림P,관악구,2022-08-09 05:09:00,0.5,1.0
2302,신림P,관악구,2022-08-09 05:19:00,0.0,1.0
2302,신림P,관악구,2022-08-09 05:29:00,0.5,1.5
2302,신림P,관악구,2022-08-09 05:39:00,0.0,1.5
2302,신림P,관악구,2022-08-09 05:49:00,0.5,1.5
2302,신림P,관악구,2022-08-09 05:59:00,0.5,2.0
2302,신림P,관악구,2022-08-09 06:09:00,0.0,1.5
2302,신림P,관악구,2022-08-09 06:19:00,0.5,2.0
2302,신림P,관악구,2022-08-09 06:29:00,0.0,1.5
2302,신림P,관악구,2022-08-09 06:39:00,0.0,1.5
2302,신림P,관악구,2022-08-09 06:49:00,0.0,1.0
2302,신림P,관악구,2022-08-09 06:59:00,0.0,0.5
2302,신림P,관악구,2022-08-09 07:09:00,0.0,0.5
2302,신림P,관악구,2022-08-09 07:19:00,0.0,0.0
2302,신림P,관악구,2022-08-09 07:29:00,0.0,0.0
2302,신림P,관악구,2022-08-09 07:39:00,0.0,0.0
2302,신림P,관악구,2022-08-09 07:49:00,0.0,0.0
2302,신림P,관악구,2022-08-09 07:59:00,0.0,0.0
2302,신림P,관악구,2022-08-09 08:09:00,0.0,0.0
2302,신림P,관악구,2022-08-09 08:19:00,0.0,0.0
2302,신림P,관악구,2022-08-09 08:29:00,0.0,0.0
2302,신림P,관악구,2022-08-09 08:39:00,0.0,0.0
2302,신림P,관악구,2022-08-09 08:49:00,0.0,0.0
2302,신림P,관악구,2022-08-09 08:59:00,0.0,0.0
2302,신림P,관악구,2022-08-09 09:09:00,0.0,0.0
2302,신림P,관악구,2022-08-09 09:19:00,0.0,0.0
2302,신림P,관악구,2022-08-09 09:29:00,0.5,0.5
2302,신림P,관악구,2022-08-09 09:39:00,1.5,2.0
2302,신림P,관악구,2022-08-09 09:49:00,1.0,3.0
2302,신림P,관악구,2022-08-09 09:59:00,0.0,3.0
2302,신림P,관악구,2022-08-09 10:09:00,0.0,3.0
2302,신림P,관악구,2022-08-09 10:19:00,0.5,3.5
2302,신림P,관악구,2022-08-09 10:29:00,0.0,3.0
2302,신림P,관악구,2022-08-09 10:39:00,0.0,1.5
2302,신림P,관악구,2022-08-09 10:49:00,0.0,0.5
2302,신림P,관악구,2022-08-09 10:59:00,0.5,1.0
2302,신림P,관악구,2022-08-09 11:09:00,0.5,1.5
2302,신림P,관악구,2022-08-09 11:19:00,1.5,2.5
2302,신림P,관악구,2022-08-09 11:29:00,1.5,4.0
2302,신림P,관악구,2022-08-09 11:39:00,1.5,5.5
2302,신림P,관악구,2022-08-09 11:49:00,1.5,7.0
2302,신림P,관악구,2022-08-09 11:59:00,1.0,7.5
2302,신림P,관악구,2022-08-09 12:09:00,3.0,10.0
2302,신림P,관악구,2022-08-09 12:19:00,3.5,12.0
2302,신림P,관악구,2022-08-09 12:29:00,0.5,11.0
2302,신림P,관악구,2022-08-09 12:39:00,0.5,10.0
2302,신림P,관악구,2022-08-09 12:49:00,0.5,9.0
2302,신림P,관악구,2022-08-09 12:59:00,0.0,8.0
2302,신림P,관악구,2022-08-09 13:09:00,2.5,7.5
2302,신림P,관악구,2022-08-09 13:19:00,1.5,5.5
2302,신림P,관악구,2022-08-09 13:29:00,1.5,6.5
2302,신림P,관악구,2022-08-09 13:39:00,0.0,6.0
2302,신림P,관악구,2022-08-09 13:49:00,0.0,5.5
2302,신림P,관악구,2022-08-09 13:59:00,0.5,6.0
2302,신림P,관악구,2022-08-09 14:09:00,0.0,3.5
2302,신림P,관악구,2022-08-09 14:19:00,0.0,2.0
2302,신림P,관악구,2022-08-09 14:29:00,0.0,0.5
2302,신림P,관악구,2022-08-09 14:39:00,0.5,1.0
2302,신림P,관악구,2022-08-09 14:49:00,0.0,1.0
2302,신림P,관악구,2022-08-09 14:59:00,0.0,0.5
2302,신림P,관악구,2022-08-09 15:09:00,0.0,0.5
2302,신림P,관악구,2022-08-09 15:19:00,0.0,0.5
2302,신림P,관악구,2022-08-09 15:29:00,0.0,0.5
2302,신림P,관악구,2022-08-09 15:39:00,0.0,0.0
2302,신림P,관악구,2022-08-09 15:49:00,0.0,0.0
2302,신림P,관악구,2022-08-09 15:59:00,0.0,0.0
2302,신림P,관악구,2022-08-09 16:09:00,0.5,0.5
2302,신림P,관악구,2022-08-09 16:19:00,0.0,0.5
2302,신림P,관악구,2022-08-09 16:29:00,0.0,0.5
2302,신림P,관악구,2022-08-09 16:39:00,0.0,0.5
2302,신림P,관악구,2022-08-09 16:49:00,0.0,0.5
2302,신림P,관악구,2022-08-09 16:59:00,0.5,1.0
2302,신림P,관악구,2022-08-09 17:08:00,0.0,0.5
2302,신림P,관악구,2022-08-09 17:19:00,0.5,1.0
2302,신림P,관악구,2022-08-09 17:29:00,1.0,2.0
2302,신림P,관악구,2022-08-09 17:39:00,2.0,4.0
2302,신림P,관악구,2022-08-09 17:49:00,10.5,14.5
2302,신림P,관악구,2022-08-09 17:59:00,1.0,15.0
2302,신림P,관악구,2022-08-09 18:09:00,1.0,16.0
2302,신림P,관악구,2022-08-09 18:19:00,1.0,16.5
2302,신림P,관악구,2022-08-09 18:29:00,1.0,16.5
2302,신림P,관악구,2022-08-09 18:39:00,0.5,15.0
2302,신림P,관악구,2022-08-09 18:49:00,0.5,5.0
2302,신림P,관악구,2022-08-09 18:59:00,1.5,5.5
2302,신림P,관악구,2022-08-09 19:09:00,0.5,5.0
2302,신림P,관악구,2022-08-09 19:19:00,0.0,4.0
2302,신림P,관악구,2022-08-09 19:29:00,0.5,3.5
2302,신림P,관악구,2022-08-09 19:39:00,1.5,4.5
2302,신림P,관악구,2022-08-09 19:49:00,1.5,5.5
2302,신림P,관악구,2022-08-09 19:59:00,2.0,6.0
2302,신림P,관악구,2022-08-09 20:09:00,1.0,6.5
2302,신림P,관악구,2022-08-09 20:19:00,1.0,7.5
2302,신림P,관악구,2022-08-09 20:29:00,1.5,8.5
2302,신림P,관악구,2022-08-09 20:39:00,3.5,10.5
2302,신림P,관악구,2022-08-09 20:49:00,4.0,13.0
2302,신림P,관악구,2022-08-09 20:59:00,1.0,12.0
2302,신림P,관악구,2022-08-09 21:09:00,0.0,11.0
2302,신림P,관악구,2022-08-09 21:19:00,0.0,10.0
2302,신림P,관악구,2022-08-09 21:29:00,0.0,8.5
2302,신림P,관악구,2022-08-09 21:39:00,0.5,5.5
2302,신림P,관악구,2022-08-09 21:49:00,0.0,1.5
2302,신림P,관악구,2022-08-09 21:59:00,0.0,0.5
2302,신림P,관악구,2022-08-09 22:09:00,0.0,0.5
2302,신림P,관악구,2022-08-09 22:19:00,0.0,0.5
2302,신림P,관악구,2022-08-09 22:29:00,2.0,2.5
2302,신림P,관악구,2022-08-09 22:39:00,8.0,10.0
2302,신림P,관악구,2022-08-09 22:49:00,0.5,10.5
2302,신림P,관악구,2022-08-09 22:59:00,0.0,10.5
2302,신림P,관악구,2022-08-09 23:09:00,0.0,10.5
2302,신림P,관악구,2022-08-09 23:19:00,0.0,10.5
2302,신림P,관악구,2022-08-09 23:29:00,0.5,9.0
2302,신림P,관악구,2022-08-09 23:39:00,2.0,3.0
2302,신림P,관악구,2022-08-09 23:49:00,2.0,4.5
2302,신림P,관악구,2022-08-09 23:59:00,0.0,4.5
1901,영등포구청,영등포구,2022-08-08 00:09:00,0.0,
1901,영등포구청,영등포구,2022-08-08 00:19:00,0.0,
1901,영등포구청,영등포구,2022-08-08 00:29:00,0.0,
1901,영등포구청,영등포구,2022-08-08 00:39:00,0.0,
1901,영등포구청,영등포구,2022-08-08 00:49:00,0.0,
1901,영등포구청,영등포구,2022-08-08 00:59:00,0.0,0.0
1901,영등포구청,영등포구,2022-08-08 01:09:00,0.0,0.0
1901,영등포구청,영등포구,2022-08-08 01:19:00,0.0,0.0
1901,영등포구청,영등포구,2022-08-08 01:29:00,0.0,0.0
1901,영등포구청,영등포구,2022-08-08 01:39:00,0.0,0.0
1901,영등포구청,영등포구,2022-08-08 01:49:00,0.0,0.0
1901,영등포구청,영등포구,2022-08-08 01:59:00,0.0,0.0
1901,영등포구청,영등포구,2022-08-08 02:09:00,0.0,0.0
1901,영등포구청,영등포구,2022-08-08 02:19:00,0.0,0.0
1901,영등포구청,영등포구,2022-08-08 02:29:00,0.0,0.0
1901,영등포구청,영등포구,2022-08-08 02:39:00,0.0,0.0
1901,영등포구청,영등포구,2022-08-08 02:49:00,0.0,0.0
1901,영등포구청,영등포구,2022-08-08 02:59:00,0.0,0.0
1901,영등포구청,영등포구,2022-08-08 03:09:00,0.0,0.0
1901,영등포구청,영등포구,2022-08-08 03:19:00,0.0,0.0
1901,영등포구청,영등포구,2022-08-08 03:29:00,0.0,0.0
1901,영등포구청,영등포구,2022-08-08 03:39:00,0.0,0.0
1901,영등포구청,영등포구,2022-08-08 03:49:00,0.0,0.0
1901,영등포구청,영등포구,2022-08-08 03:59:00,0.0,0.0
1901,영등포구청,영등포구,2022-08-08 04:09:00,0.0,0.0
1901,영등포구청,영등포구,2022-08-08 04:19:00,0.0,0.0
1901,영등포구청,영등포구,2022-08-08 04:29:00,0.0,0.0
1901,영등포구청,영등포구,2022-08-08 04:39:00,0.0,0.0
1901,영등포구청,영등포구,2022-08-08 04:49:00,0.0,0.0
1901,영등포구청,영등포구,2022-08-08 04:59:00,0.0,0.0
1901,영등포구청,영등포구,2022-08-08 05:09:00,0.0,0.0
1901,영등포구청,영등포구,2022-08-08 05:19:00,0.0,0.0
1901,영등포구청,영등포구,2022-08-08 05:29:00,0.0,0.0
1901,영등포구청,영등포구,2022-08-08 05:39:00,0.0,0.0
1901,영등포구청,영등포구,2022-08-08 05:49:00,0.0,0.0
1901,영등포구청,영등포구,2022-08-08 05:59:00,0.0,0.0
1901,영등포구청,영등포구,2022-08-08 06:09:00,0.0,0.0
1901,영등포구청,영등포구,2022-08-08 06:19:00,0.0,0.0
1901,영등포구청,영등포구,2022-08-08 06:29:00,0.0,0.0
1901,영등포구청,영등포구,2022-08-08 06:39:00,0.5,0.5
1901,영등포구청,영등포구,2022-08-08 06:49:00,0.0,0.5
1901,영등포구청,영등포구,2022-08-08 06:59:00,0.0,0.5
1901,영등포구청,영등포구,2022-08-08 07:09:00,0.0,0.5
1901,영등포구청,영등포구,2022-08-08 07:19:00,0.0,0.5
1901,영등포구청,영등포구,2022-08-08 07:29:00,0.0,0.5
1901,영등포구청,영등포구,2022-08-08 07:39:00,0.0,0.0
1901,영등포구청,영등포구,2022-08-08 07:49:00,0.5,0.5
1901,영등포구청,영등포구,2022-08-08 07:59:00,0.0,0.5
1901,영등포구청,영등포구,2022-08-08 08:09:00,0.0,0.5
1901,영등포구청,영등포구,2022-08-08 08:19:00,0.0,0.5
1901,영등포구청,영등포구,2022-08-08 08:29:00,0.0,0.5
1901,영등포구청,영등포구,2022-08-08 08:39:00,0.0,0.5
1901,영등포구청,영등포구,2022-08-08 08:49:00,0.5,0.5
1901,영등포구청,영등포구,2022-08-08 08:59:00,0.0,0.5
1901,영등포구청,영등포구,2022-08-08 09:09:00,0.0,0.5
1901,영등포구청,영등포구,2022-08-08 09:19:00,0.0,0.5
1901,영등포구청,영등포구,2022-08-08 09:29:00,0.0,0.5
1901,영등포구청,영등포구,2022-08-08 09:39:00,0.0,0.5
1901,영등포구청,영등포구,2022-08-08 09:49:00,0.0,0.0
1901,영등포구청,영등포구,2022-08-08 09:59:00,0.0,0.0
1901,영등포구청,영등포구,2022-08-08 10:09:00,0.0,0.0
1901,영등포구청,영등포구,2022-08-08 10:19:00,0.0,0.0
1901,영등포구청,영등포구,2022-08-08 10:29:00,0.0,0.0
1901,영등포구청,영등포구,2022-08-08 10:39:00,0.0,0.0
1901,영등포구청,영등포구,2022-08-08 10:49:00,0.0,0.0
1901,영등포구청,영등포구,2022-08-08 10:59:00,0.0,0.0
1901,영등포구청,영등포구,2022-08-08 11:09:00,0.0,0.0
1901,영등포구청,영등포구,2022-08-08 11:19:00,0.0,0.0
1901,영등포구청,영등포구,2022-08-08 11:29:00,0.0,0.0
1901,영등포구청,영등포구,2022-08-08 11:39:00,0.0,0.0
1901,영등포구청,영등포구,2022-08-08 11:49:00,0.0,0.0
1901,영등포구청,영등포구,2022-08-08 11:59:00,0.0,0.0
1901,영등포구청,영등포구,2022-08-08 12:09:00,1.0,1.0
1901,영등포구청,영등포구,2022-08-08 12:19:00,5.5,6.5
1901,영등포구청,영등포구,2022-08-08 12:29:00,8.0,14.5
1901,영등포구청,영등포구,2022-08-08 12:39:00,10.5,25.0
1901,영등포구청,영등포구,2022-08-08 12:49:00,10.0,35.0
1901,영등포구청,영등포구,2022-08-08 12:59:00,13.0,48.0
1901,영등포구청,영등포구,2022-08-08 13:09:00,12.0,59.0
1901,영등포구청,영등포구,2022-08-08 13:19:00,4.0,57.5
1901,영등포구청,영등포구,2022-08-08 13:29:00,0.5,50.0
1901,영등포구청,영등포구,2022-08-08 13:39:00,0.0,39.5
1901,영등포구청,영등포구,2022-08-08 13:49:00,0.5,30.0
1901,영등포구청,영등포구,2022-08-08 13:59:00,0.0,17.0
1901,영등포구청,영등포구,2022-08-08 14:09:00,0.5,5.5
1901,영등포구청,영등포구,2022-08-08 14:19:00,0.0,1.5
1901,영등포구청,영등포구,2022-08-08 14:29:00,0.5,1.5
1901,영등포구청,영등포구,2022-08-08 14:39:00,0.0,1.5
1901,영등포구청,영등포구,2022-08-08 14:49:00,0.5,1.5
1901,영등포구청,영등포구,2022-08-08 14:59:00,0.0,1.5
1901,영등포구청,영등포구,2022-08-08 15:09:00,0.0,1.0
1901,영등포구청,영등포구,2022-08-08 15:19:00,5.0,6.0
1901,영등포구청,영등포구,2022-08-08 15:29:00,9.0,14.5
1901,영등포구청,영등포구,2022-08-08 15:39:00,1.0,15.5
1901,영등포구청,영등포구,2022-08-08 15:49:00,0.5,15.5
1901,영등포구청,영등포구,2022-08-08 15:59:00,0.0,15.5
1901,영등포구청,영등포구,2022-08-08 16:09:00,0.0,15.5
1901,영등포구청,영등포구,2022-08-08 16:19:00,0.0,10.5
1901,영등포구청,영등포구,2022-08-08 16:29:00,0.0,1.5
1901,영등포구청,영등포구,2022-08-08 16:39:00,0.0,0.5
1901,영등포구청,영등포구,2022-08-08 16:49:00,0.0,0.0
1901,영등포구청,영등포구,2022-08-08 16:59:00,0.0,0.0
1901,영등포구청,영등포구,2022-08-08 17:09:00,0.0,0.0
1901,영등포구청,영등포구,2022-08-08 17:19:00,0.5,0.5
1901,영등포구청,영등포구,2022-08-08 17:29:00,1.5,2.0
1901,영등포구청,영등포구,2022-08-08 17:39:00,6.5,8.5
1901,영등포구청,영등포구,2022-08-08 17:49:00,15.0,23.5
1901,영등포구청,영등포구,2022-08-08 17:59:00,8.5,32.0
1901,영등포구청,영등포구,2022-08-08 18:09:00,2.0,34.0
1901,영등포구청,영등포구,2022-08-08 18:19:00,0.5,34.0
1901,영등포구청,영등포구,2022-08-08 18:29:00,0.0,32.5
1901,영등포구청,영등포구,2022-08-08 18:39:00,1.0,27.0
1901,영등포구청,영등포구,2022-08-08 18:49:00,0.0,12.0
1901,영등포구청,영등포구,2022-08-08 18:59:00,0.0,3.5
1901,영등포구청,영등포구,2022-08-08 19:09:00,0.0,1.5
1901,영등포구청,영등포구,2022-08-08 19:19:00,0.5,1.5
1901,영등포구청,영등포구,2022-08-08 19:29:00,0.0,1.5
1901,영등포구청,영등포구,2022-08-08 19:39:00,7.0,7.5
1901,영등포구청,영등포구,2022-08-08 19:49:00,13.0,20.5
1901,영등포구청,영등포구,2022-08-08 19:59:00,0.0,20.5
1901,영등포구청,영등포구,2022-08-08 20:09:00,9.5,30.0
1901,영등포구청,영등포구,2022-08-08 20:19:00,14.0,43.5
1901,영등포구청,영등포구,2022-08-08 20:29:00,22.0,65.5
1901,영등포구청,영등포구,2022-08-08 20:39:00,15.0,73.5
1901,영등포구청,영등포구,2022-08-08 20:49:00,2.0,62.5
1901,영등포구청,영등포구,2022-08-08 20:59:00,4.5,67.0
1901,영등포구청,영등포구,2022-08-08 21:09:00,6.0,63.5
1901,영등포구청,영등포구,2022-08-08 21:19:00,1.0,50.5
1901,영등포구청,영등포구,2022-08-08 21:29:00,3.0,31.5
1901,영등포구청,영등포구,2022-08-08 21:39:00,1.0,17.5
1901,영등포구청,영등포구,2022-08-08 21:49:00,1.0,16.5
1901,영등포구청,영등포구,2022-08-08 21:59:00,1.5,13.5
1901,영등포구청,영등포구,2022-08-08 22:09:00,1.0,8.5
1901,영등포구청,영등포구,2022-08-08 22:19:00,0.5,8.0
1901,영등포구청,영등포구,2022-08-08 22:29:00,4.5,9.5
1901,영등포구청,영등포구,2022-08-08 22:39:00,0.0,8.5
1901,영등포구청,영등포구,2022-08-08 22:49:00,0.0,7.5
1901,영등포구청,영등포구,2022-08-08 22:59:00,0.0,6.0
1901,영등포구청,영등포구,2022-08-08 23:09:00,0.5,5.5
1901,영등포구청,영등포구,2022-08-08 23:19:00,0.0,5.0
1901,영등포구청,영등포구,2022-08-08 23:29:00,0.0,0.5
1901,영등포구청,영등포구,2022-08-08 23:39:00,3.0,3.5
1901,영등포구청,영등포구,2022-08-08 23:49:00,0.5,4.0
1901,영등포구청,영등포구,2022-08-08 23:59:00,1.5,5.5
1901,영등포구청,영등포구,2022-08-09 00:09:00,1.0,6.0
1901,영등포구청,영등포구,2022-08-09 00:19:00,0.0,6.0
1901,영등포구청,영등포구,2022-08-09 00:29:00,0.0,6.0
1901,영등포구청,영등포구,2022-08-09 00:39:00,0.0,3.0
1901,영등포구청,영등포구,2022-08-09 00:49:00,0.0,2.5
1901,영등포구청,영등포구,2022-08-09 00:59:00,0.0,1.0
1901,영등포구청,영등포구,2022-08-09 01:09:00,0.0,0.0
1901,영등포구청,영등포구,2022-08-09 01:19:00,0.0,0.0
1901,영등포구청,영등포구,2022-08-09 01:29:00,0.0,0.0
1901,영등포구청,영등포구,2022-08-09 01:39:00,0.0,0.0
1901,영등포구청,영등포구,2022-08-09 01:49:00,0.5,0.5
1901,영등포구청,영등포구,2022-08-09 01:59:00,0.0,0.5
1901,영등포구청,영등포구,2022-08-09 02:09:00,0.5,1.0
1901,영등포구청,영등포구,2022-08-09 02:19:00,1.0,2.0
1901,영등포구청,영등포구,2022-08-09 02:29:00,0.5,2.5
1901,영등포구청,영등포구,2022-08-09 02:39:00,1.5,4.0
1901,영등포구청,영등포구,2022-08-09 02:49:00,2.5,6.0
1901,영등포구청,영등포구,2022-08-09 02:59:00,0.5,6.5
1901,영등포구청,영등포구,2022-08-09 03:09:00,0.5,6.5
1901,영등포구청,영등포구,2022-08-09 03:19:00,0.5,6.0
1901,영등포구청,영등포구,2022-08-09 03:29:00,0.0,5.5
1901,영등포구청,영등포구,2022-08-09 03:39:00,0.0,4.0
1901,영등포구청,영등포구,2022-08-09 03:49:00,0.0,1.5
1901,영등포구청,영등포구,2022-08-09 03:59:00,0.0,1.0
1901,영등포구청,영등포구,2022-08-09 04:09:00,2.0,2.5
1901,영등포구청,영등포구,2022-08-09 04:19:00,0.0,2.0
1901,영등포구청,영등포구,2022-08-09 04:29:00,0.0,2.0
1901,영등포구청,영등포구,2022-08-09 04:39:00,0.0,2.0
1901,영등포구청,영등포구,2022-08-09 04:49:00,0.0,2.0
1901,영등포구청,영등포구,2022-08-09 04:59:00,0.5,2.5
1901,영등포구청,영등포구,2022-08-09 05:09:00,0.0,0.5
1901,영등포구청,영등포구,2022-08-09 05:19:00,0.0,0.5
1901,영등포구청,영등포구,2022-08-09 05:29:00,0.5,1.0
1901,영등포구청,영등포구,2022-08-09 05:39:00,0.0,1.0
1901,영등포구청,영등포구,2022-08-09 05:49:00,0.5,1.5
1901,영등포구청,영등포구,2022-08-09 05:59:00,0.0,1.0
1901,영등포구청,영등포구,2022-08-09 06:09:00,0.5,1.5
1901,영등포구청,영등포구,2022-08-09 06:19:00,0.0,1.5
1901,영등포구청,영등포구,2022-08-09 06:29:00,0.0,1.0
1901,영등포구청,영등포구,2022-08-09 06:39:00,0.0,1.0
1901,영등포구청,영등포구,2022-08-09 06:49:00,0.0,0.5
1901,영등포구청,영등포구,2022-08-09 06:59:00,0.0,0.5
1901,영등포구청,영등포구,2022-08-09 07:09:00,0.0,0.0
1901,영등포구청,영등포구,2022-08-09 07:16:00,0.0,0.0
1901,영등포구청,영등포구,2022-08-09 07:29:00,0.0,0.0
1901,영등포구청,영등포구,2022-08-09 07:39:00,0.0,0.0
1901,영등포구청,영등포구,2022-08-09 07:49:00,0.0,0.0
1901,영등포구청,영등포구,2022-08-09 07:59:00,0.0,0.0
1901,영등포구청,영등포구,2022-08-09 08:09:00,0.0,0.0
1901,영등포구청,영등포구,2022-08-09 08:19:00,0.0,0.0
1901,영등포구청,영등포구,2022-08-09 08:29:00,0.0,0.0
1901,영등포구청,영등포구,2022-08-09 08:39:00,0.0,0.0
1901,영등포구청,영등포구,2022-08-09 08:49:00,0.0,0.0
1901,영등포구청,영등포구,2022-08-09 08:59:00,0.0,0.0
1901,영등포구청,영등포구,2022-08-09 09:09:00,0.0,0.0
1901,영등포구청,영등포구,2022-08-09 09:19:00,0.0,0.0
1901,영등포구청,영등포구,2022-08-09 09:29:00,0.0,0.0
1901,영등포구청,영등포구,2022-08-09 09:39:00,0.0,0.0
1901,영등포구청,영등포구,2022-08-09 09:49:00,1.0,1.0
1901,영등포구청,영등포구,2022-08-09 09:59:00,0.0,1.0
1901,영등포구청,영등포구,2022-08-09 10:09:00,0.5,1.5
1901,영등포구청,영등포구,2022-08-09 10:19:00,0.0,1.5
1901,영등포구청,영등포구,2022-08-09 10:29:00,0.0,1.5
1901,영등포구청,영등포구,2022-08-09 10:38:00,0.0,1.5
1901,영등포구청,영등포구,2022-08-09 10:49:00,0.0,0.5
1901,영등포구청,영등포구,2022-08-09 10:59:00,0.0,0.5
1901,영등포구청,영등포구,2022-08-09 11:09:00,0.5,0.5
1901,영등포구청,영등포구,2022-08-09 11:19:00,1.0,1.5
1901,영등포구청,영등포구,2022-08-09 11:29:00,1.5,3.0
1901,영등포구청,영등포구,2022-08-09 11:39:00,1.0,4.0
1901,영등포구청,영등포구,2022-08-09 11:49:00,1.0,5.0
1901,영등포구청,영등포구,2022-08-09 11:59:00,0.5,5.5
1901,영등포구청,영등포구,2022-08-09 12:09:00,0.0,5.0
1901,영등포구청,영등포구,2022-08-09 12:19:00,5.0,9.0
1901,영등포구청,영등포구,2022-08-09 12:29:00,2.0,9.5
1901,영등포구청,영등포구,2022-08-09 12:39:00,5.0,13.5
1901,영등포구청,영등포구,2022-08-09 12:49:00,2.0,14.5
1901,영등포구청,영등포구,2022-08-09 12:59:00,2.0,16.0
1901,영등포구청,영등포구,2022-08-09 13:09:00,2.5,18.5
1901,영등포구청,영등포구,2022-08-09 13:19:00,0.0,13.5
1901,영등포구청,영등포구,2022-08-09 13:29:00,0.5,12.0
1901,영등포구청,영등포구,2022-08-09 13:39:00,0.5,7.5
1901,영등포구청,영등포구,2022-08-09 13:49:00,0.0,5.5
1901,영등포구청,영등포구,2022-08-09 13:59:00,0.0,3.5
1901,영등포구청,영등포구,2022-08-09 14:09:00,0.0,1.0
1901,영등포구청,영등포구,2022-08-09 14:19:00,0.5,1.5
1901,영등포구청,영등포구,2022-08-09 14:29:00,0.0,1.0
1901,영등포구청,영등포구,2022-08-09 14:39:00,0.0,0.5
1901,영등포구청,영등포구,2022-08-09 14:49:00,0.0,0.5
1901,영등포구청,영등포구,2022-08-09 14:59:00,0.0,0.5
1901,영등포구청,영등포구,2022-08-09 15:09:00,0.0,0.5
1901,영등포구청,영등포구,2022-08-09 15:19:00,0.0,0.0
1901,영등포구청,영등포구,2022-08-09 15:29:00,0.0,0.0
1901,영등포구청,영등포구,2022-08-09 15:39:00,0.0,0.0
1901,영등포구청,영등포구,2022-08-09 15:49:00,0.0,0.0
1901,영등포구청,영등포구,2022-08-09 15:59:00,0.0,0.0
1901,영등포구청,영등포구,2022-08-09 16:09:00,0.5,0.5
1901,영등포구청,영등포구,2022-08-09 16:19:00,0.5,1.0
1901,영등포구청,영등포구,2022-08-09 16:29:00,0.0,1.0
1901,영등포구청,영등포구,2022-08-09 16:39:00,0.5,1.5
1901,영등포구청,영등포구,2022-08-09 16:49:00,0.5,2.0
1901,영등포구청,영등포구,2022-08-09 16:59:00,0.5,2.5
1901,영등포구청,영등포구,2022-08-09 17:09:00,0.5,2.5
1901,영등포구청,영등포구,2022-08-09 17:19:00,0.5,2.5
1901,영등포구청,영등포구,2022-08-09 17:29:00,1.0,3.5
1901,영등포구청,영등포구,2022-08-09 17:39:00,2.0,5.0
1901,영등포구청,영등포구,2022-08-09 17:49:00,12.0,16.5
1901,영등포구청,영등포구,2022-08-09 17:59:00,1.0,17.0
1901,영등포구청,영등포구,2022-08-09 18:09:00,1.0,17.5
1901,영등포구청,영등포구,2022-08-09 18:19:00,1.0,18.0
1901,영등포구청,영등포구,2022-08-09 18:29:00,1.0,18.0
1901,영등포구청,영등포구,2022-08-09 18:39:00,1.0,17.0
1901,영등포구청,영등포구,2022-08-09 18:49:00,0.5,5.5
1901,영등포구청,영등포구,2022-08-09 18:59:00,1.0,5.5
1901,영등포구청,영등포구,2022-08-09 19:09:00,0.5,5.0
1901,영등포구청,영등포구,2022-08-09 19:19:00,0.5,4.5
1901,영등포구청,영등포구,2022-08-09 19:29:00,0.5,4.0
1901,영등포구청,영등포구,2022-08-09 19:39:00,1.5,4.5
1901,영등포구청,영등포구,2022-08-09 19:49:00,3.0,7.0
1901,영등포구청,영등포구,2022-08-09 19:59:00,2.0,8.0
1901,영등포구청,영등포구,2022-08-09 20:09:00,4.0,11.5
1901,영등포구청,영등포구,2022-08-09 20:19:00,1.0,12.0
1901,영등포구청,영등포구,2022-08-09 20:29:00,4.5,16.0
1901,영등포구청,영등포구,2022-08-09 20:39:00,5.0,19.5
1901,영등포구청,영등포구,2022-08-09 20:49:00,0.5,17.0
1901,영등포구청,영등포구,2022-08-09 20:59:00,0.0,15.0
1901,영등포구청,영등포구,2022-08-09 21:09:00,0.0,11.0
1901,영등포구청,영등포구,2022-08-09 21:19:00,0.5,10.5
1901,영등포구청,영등포구,2022-08-09 21:29:00,0.0,6.0
1901,영등포구청,영등포구,2022-08-09 21:39:00,0.0,1.0
1901,영등포구청,영등포구,2022-08-09 21:49:00,0.5,1.0
1901,영등포구청,영등포구,2022-08-09 21:59:00,0.0,1.0
1901,영등포구청,영등포구,2022-08-09 22:09:00,0.0,1.0
1901,영등포구청,영등포구,2022-08-09 22:19:00,0.0,0.5
1901,영등포구청,영등포구,2022-08-09 22:29:00,3.0,3.5
1901,영등포구청,영등포구,2022-08-09 22:39:00,9.0,12.5
1901,영등포구청,영등포구,2022-08-09 22:49:00,0.0,12.0
1901,영등포구청,영등포구,2022-08-09 22:59:00,0.0,12.0
1901,영등포구청,영등포구,2022-08-09 23:09:00,0.5,12.5
1901,영등포구청,영등포구,2022-08-09 23:19:00,0.0,12.5
1901,영등포구청,영등포구,2022-08-09 23:29:00,2.0,11.5
1901,영등포구청,영등포구,2022-08-09 23:39:00,2.0,4.5
1901,영등포구청,영등포구,2022-08-09 23:49:00,7.0,11.5
1901,영등포구청,영등포구,2022-08-09 23:59:00,1.0,12.5
