station_id,station_name,timestamp_kst,rainfall_mm,temperature_c,wind_direction_deg,wind_speed_mps,humidity_percent,source,source_type,data_status
327,청주금천,2023-07-14 01:00,.5,25.8,149.1,1.7,84,KMA AWS/ASOS,OBSERVATION,VERIFIED
327,청주금천,2023-07-14 02:00,3,24.8,137.3,2.4,93,KMA AWS/ASOS,OBSERVATION,VERIFIED
327,청주금천,2023-07-14 03:00,4,24.4,140.4,3.4,92,KMA AWS/ASOS,OBSERVATION,VERIFIED
327,청주금천,2023-07-14 04:00,11,24,202.8,2.1,96,KMA AWS/ASOS,OBSERVATION,VERIFIED
327,청주금천,2023-07-14 05:00,17,23.9,163.9,1.3,98,KMA AWS/ASOS,OBSERVATION,VERIFIED
327,청주금천,2023-07-14 06:00,11.5,23.9,179.6,.9,98,KMA AWS/ASOS,OBSERVATION,VERIFIED
327,청주금천,2023-07-14 07:00,1.5,24.4,185.5,1.1,96,KMA AWS/ASOS,OBSERVATION,VERIFIED
327,청주금천,2023-07-14 08:00,.5,24.4,177.6,.7,95,KMA AWS/ASOS,OBSERVATION,VERIFIED
327,청주금천,2023-07-14 09:00,1,24.3,159.3,1.5,96,KMA AWS/ASOS,OBSERVATION,VERIFIED
327,청주금천,2023-07-14 10:00,2.5,24.6,176.5,1.5,95,KMA AWS/ASOS,OBSERVATION,VERIFIED
327,청주금천,2023-07-14 11:00,9,24.3,169.6,1.5,97,KMA AWS/ASOS,OBSERVATION,VERIFIED
327,청주금천,2023-07-14 12:00,23,24.1,137.9,1.6,98,KMA AWS/ASOS,OBSERVATION,VERIFIED
327,청주금천,2023-07-14 13:00,9.5,24.2,162.4,1.2,98,KMA AWS/ASOS,OBSERVATION,VERIFIED
327,청주금천,2023-07-14 14:00,9.5,24.3,139.2,1.7,98,KMA AWS/ASOS,OBSERVATION,VERIFIED
327,청주금천,2023-07-14 15:00,14.5,24.4,168.8,1.7,98,KMA AWS/ASOS,OBSERVATION,VERIFIED
327,청주금천,2023-07-14 16:00,3.5,24.9,167.4,1.6,97,KMA AWS/ASOS,OBSERVATION,VERIFIED
327,청주금천,2023-07-14 17:00,.5,25,171.9,1.4,95,KMA AWS/ASOS,OBSERVATION,VERIFIED
327,청주금천,2023-07-14 18:00,2.5,24.8,217.6,.8,97,KMA AWS/ASOS,OBSERVATION,VERIFIED
327,청주금천,2023-07-14 19:00,8.5,23.5,168.9,1.5,96,KMA AWS/ASOS,OBSERVATION,VERIFIED
327,청주금천,2023-07-14 20:00,.5,23.6,128.9,1.1,96,KMA AWS/ASOS,OBSERVATION,VERIFIED
327,청주금천,2023-07-14 21:00,.5,24,157.1,1.1,96,KMA AWS/ASOS,OBSERVATION,VERIFIED
327,청주금천,2023-07-14 22:00,2.5,24.4,130.8,.6,97,KMA AWS/ASOS,OBSERVATION,VERIFIED
327,청주금천,2023-07-14 23:00,2.5,24.4,0,0,98,KMA AWS/ASOS,OBSERVATION,VERIFIED
327,청주금천,2023-07-15 00:00,5.5,24.4,252.8,.5,99,KMA AWS/ASOS,OBSERVATION,VERIFIED
327,청주금천,2023-07-15 01:00,20.5,24.2,0,.2,99,KMA AWS/ASOS,OBSERVATION,VERIFIED
327,청주금천,2023-07-15 02:00,29,24.1,0,.1,99,KMA AWS/ASOS,OBSERVATION,VERIFIED
327,청주금천,2023-07-15 03:00,23.5,24,180,.9,99,KMA AWS/ASOS,OBSERVATION,VERIFIED
327,청주금천,2023-07-15 04:00,19,24,166.2,1,99,KMA AWS/ASOS,OBSERVATION,VERIFIED
327,청주금천,2023-07-15 05:00,23.5,23.7,218.4,1.8,99,KMA AWS/ASOS,OBSERVATION,VERIFIED
327,청주금천,2023-07-15 06:00,32.5,23.7,86,1,99,KMA AWS/ASOS,OBSERVATION,VERIFIED
327,청주금천,2023-07-15 07:00,11,23.9,128.5,1.4,99,KMA AWS/ASOS,OBSERVATION,VERIFIED
327,청주금천,2023-07-15 08:00,13,24.1,200.5,1.3,99,KMA AWS/ASOS,OBSERVATION,VERIFIED
327,청주금천,2023-07-15 09:00,17.5,21.2,306.6,1.2,98,KMA AWS/ASOS,OBSERVATION,VERIFIED
327,청주금천,2023-07-15 10:00,7.5,21.2,115.8,1,98,KMA AWS/ASOS,OBSERVATION,VERIFIED
327,청주금천,2023-07-15 11:00,8.5,22,105.7,1.2,98,KMA AWS/ASOS,OBSERVATION,VERIFIED
327,청주금천,2023-07-15 12:00,15,22.6,116.9,.7,99,KMA AWS/ASOS,OBSERVATION,VERIFIED
327,청주금천,2023-07-15 13:00,10,22.4,87.6,1.7,98,KMA AWS/ASOS,OBSERVATION,VERIFIED
327,청주금천,2023-07-15 14:00,6,22.3,133.4,1.2,99,KMA AWS/ASOS,OBSERVATION,VERIFIED
327,청주금천,2023-07-15 15:00,3,23.5,159.3,.7,98,KMA AWS/ASOS,OBSERVATION,VERIFIED
327,청주금천,2023-07-15 16:00,5,23.2,225.7,2.1,96,KMA AWS/ASOS,OBSERVATION,VERIFIED
327,청주금천,2023-07-15 17:00,3.5,21.6,106.1,1.2,96,KMA AWS/ASOS,OBSERVATION,VERIFIED
327,청주금천,2023-07-15 18:00,.5,21.9,110.9,1.4,96,KMA AWS/ASOS,OBSERVATION,VERIFIED
327,청주금천,2023-07-15 19:00,1,22.8,127.8,1.3,96,KMA AWS/ASOS,OBSERVATION,VERIFIED
327,청주금천,2023-07-15 20:00,0,22.6,193.6,.5,95,KMA AWS/ASOS,OBSERVATION,VERIFIED
327,청주금천,2023-07-15 21:00,0,22.3,128.1,1.7,94,KMA AWS/ASOS,OBSERVATION,VERIFIED
327,청주금천,2023-07-15 22:00,0,22.1,118.3,1.1,92,KMA AWS/ASOS,OBSERVATION,VERIFIED
327,청주금천,2023-07-15 23:00,0,21.6,95.5,.9,95,KMA AWS/ASOS,OBSERVATION,VERIFIED
327,청주금천,2023-07-16 00:00,0,21.6,88.3,.8,95,KMA AWS/ASOS,OBSERVATION,VERIFIED
327,청주금천,2023-07-16 01:00,0,21.6,95.2,.7,96,KMA AWS/ASOS,OBSERVATION,VERIFIED
327,청주금천,2023-07-16 02:00,0,21.8,0,.2,96,KMA AWS/ASOS,OBSERVATION,VERIFIED
327,청주금천,2023-07-16 03:00,0,21.8,0,.3,97,KMA AWS/ASOS,OBSERVATION,VERIFIED
327,청주금천,2023-07-16 04:00,0,21.8,0,.4,97,KMA AWS/ASOS,OBSERVATION,VERIFIED
327,청주금천,2023-07-16 05:00,0,22.4,91.6,1,97,KMA AWS/ASOS,OBSERVATION,VERIFIED
327,청주금천,2023-07-16 06:00,0,23,0,.2,95,KMA AWS/ASOS,OBSERVATION,VERIFIED
327,청주금천,2023-07-16 07:00,.5,22.6,122.3,.8,97,KMA AWS/ASOS,OBSERVATION,VERIFIED
327,청주금천,2023-07-16 08:00,.5,23.2,127.7,1.3,94,KMA AWS/ASOS,OBSERVATION,VERIFIED
327,청주금천,2023-07-16 09:00,0,23.7,0,.4,93,KMA AWS/ASOS,OBSERVATION,VERIFIED
327,청주금천,2023-07-16 10:00,0,24.5,159.2,1,90,KMA AWS/ASOS,OBSERVATION,VERIFIED
327,청주금천,2023-07-16 11:00,0,24.5,0,.3,91,KMA AWS/ASOS,OBSERVATION,VERIFIED
327,청주금천,2023-07-16 12:00,1,24,256.1,.8,94,KMA AWS/ASOS,OBSERVATION,VERIFIED
327,청주금천,2023-07-16 13:00,.5,24.5,135.4,1.5,93,KMA AWS/ASOS,OBSERVATION,VERIFIED
327,청주금천,2023-07-16 14:00,.5,25.2,132.6,.6,90,KMA AWS/ASOS,OBSERVATION,VERIFIED
327,청주금천,2023-07-16 15:00,0,25.9,178.6,1.2,85,KMA AWS/ASOS,OBSERVATION,VERIFIED
327,청주금천,2023-07-16 16:00,0,26.3,190.8,.6,81,KMA AWS/ASOS,OBSERVATION,VERIFIED
327,청주금천,2023-07-16 17:00,0,26.7,274.7,1.5,79,KMA AWS/ASOS,OBSERVATION,VERIFIED
327,청주금천,2023-07-16 18:00,0,27.1,313.8,1,78,KMA AWS/ASOS,OBSERVATION,VERIFIED
327,청주금천,2023-07-16 19:00,0,25.8,304.2,.9,82,KMA AWS/ASOS,OBSERVATION,VERIFIED
327,청주금천,2023-07-16 20:00,0,24.1,0,.3,91,KMA AWS/ASOS,OBSERVATION,VERIFIED
327,청주금천,2023-07-16 21:00,0,23.8,101.1,.6,93,KMA AWS/ASOS,OBSERVATION,VERIFIED
327,청주금천,2023-07-16 22:00,0,23.5,113.8,.5,94,KMA AWS/ASOS,OBSERVATION,VERIFIED
327,청주금천,2023-07-16 23:00,0,23.4,11.5,.6,93,KMA AWS/ASOS,OBSERVATION,VERIFIED
327,청주금천,2023-07-17 00:00,0,23.4,0,.4,95,KMA AWS/ASOS,OBSERVATION,VERIFIED
977,오창가곡,2023-07-14 01:00,.2,24.7,286.6,1.6,98,KMA AWS/ASOS,OBSERVATION,VERIFIED
977,오창가곡,2023-07-14 02:00,3.5,25.1,183.9,4.2,98,KMA AWS/ASOS,OBSERVATION,VERIFIED
977,오창가곡,2023-07-14 03:00,10.7,25,184.3,3.9,98,KMA AWS/ASOS,OBSERVATION,VERIFIED
977,오창가곡,2023-07-14 04:00,11.8,24.6,218.3,4.2,98,KMA AWS/ASOS,OBSERVATION,VERIFIED
977,오창가곡,2023-07-14 05:00,18.7,24.6,208.4,4.6,98,KMA AWS/ASOS,OBSERVATION,VERIFIED
977,오창가곡,2023-07-14 06:00,10.9,24.6,222.5,2.5,98,KMA AWS/ASOS,OBSERVATION,VERIFIED
977,오창가곡,2023-07-14 07:00,1.9,24.8,213.7,3.1,98,KMA AWS/ASOS,OBSERVATION,VERIFIED
977,오창가곡,2023-07-14 08:00,.1,25.1,202.2,3.2,98,KMA AWS/ASOS,OBSERVATION,VERIFIED
977,오창가곡,2023-07-14 09:00,.1,25.1,197.2,4.2,98,KMA AWS/ASOS,OBSERVATION,VERIFIED
977,오창가곡,2023-07-14 10:00,1.5,25.1,215.1,2.7,98,KMA AWS/ASOS,OBSERVATION,VERIFIED
977,오창가곡,2023-07-14 11:00,4,25.1,204.1,3.1,98,KMA AWS/ASOS,OBSERVATION,VERIFIED
977,오창가곡,2023-07-14 12:00,14.9,24.8,206.4,3.4,98,KMA AWS/ASOS,OBSERVATION,VERIFIED
977,오창가곡,2023-07-14 13:00,12.4,24.9,207.5,3.4,98,KMA AWS/ASOS,OBSERVATION,VERIFIED
977,오창가곡,2023-07-14 14:00,6.6,25.1,198.2,4,98,KMA AWS/ASOS,OBSERVATION,VERIFIED
977,오창가곡,2023-07-14 15:00,25.3,24.9,240.6,1.7,98,KMA AWS/ASOS,OBSERVATION,VERIFIED
977,오창가곡,2023-07-14 16:00,1.5,25.3,213.7,2.9,98,KMA AWS/ASOS,OBSERVATION,VERIFIED
977,오창가곡,2023-07-14 17:00,0,25.7,203.7,3,98,KMA AWS/ASOS,OBSERVATION,VERIFIED
977,오창가곡,2023-07-14 18:00,5.8,25,215.6,7.4,98,KMA AWS/ASOS,OBSERVATION,VERIFIED
977,오창가곡,2023-07-14 19:00,9.9,24.2,208.4,5.7,98,KMA AWS/ASOS,OBSERVATION,VERIFIED
977,오창가곡,2023-07-14 20:00,0,24.6,214.2,4.1,98,KMA AWS/ASOS,OBSERVATION,VERIFIED
977,오창가곡,2023-07-14 21:00,0,24.2,208.4,2.3,98,KMA AWS/ASOS,OBSERVATION,VERIFIED
977,오창가곡,2023-07-14 22:00,1.4,24.2,244.2,.9,98,KMA AWS/ASOS,OBSERVATION,VERIFIED
977,오창가곡,2023-07-14 23:00,4.9,24.8,229.8,2.3,98,KMA AWS/ASOS,OBSERVATION,VERIFIED
977,오창가곡,2023-07-15 00:00,8.8,24.7,216.2,3,98,KMA AWS/ASOS,OBSERVATION,VERIFIED
977,오창가곡,2023-07-15 01:00,8.6,24.7,230.8,2.4,98,KMA AWS/ASOS,OBSERVATION,VERIFIED
977,오창가곡,2023-07-15 02:00,22.3,24.6,199.4,1,98,KMA AWS/ASOS,OBSERVATION,VERIFIED
977,오창가곡,2023-07-15 03:00,16,24.5,216.1,4.4,98,KMA AWS/ASOS,OBSERVATION,VERIFIED
977,오창가곡,2023-07-15 04:00,25.5,24.4,215.7,3.8,98,KMA AWS/ASOS,OBSERVATION,VERIFIED
977,오창가곡,2023-07-15 05:00,20.1,24.4,227.8,3,98,KMA AWS/ASOS,OBSERVATION,VERIFIED
977,오창가곡,2023-07-15 06:00,16.9,24.3,212.9,3.2,98,KMA AWS/ASOS,OBSERVATION,VERIFIED
977,오창가곡,2023-07-15 07:00,18.6,24.1,177,1.6,98,KMA AWS/ASOS,OBSERVATION,VERIFIED
977,오창가곡,2023-07-15 08:00,18.5,24.3,259.8,.8,98,KMA AWS/ASOS,OBSERVATION,VERIFIED
977,오창가곡,2023-07-15 09:00,18.8,22.1,272.6,2,98,KMA AWS/ASOS,OBSERVATION,VERIFIED
977,오창가곡,2023-07-15 10:00,5,22.2,154.9,3.5,98,KMA AWS/ASOS,OBSERVATION,VERIFIED
977,오창가곡,2023-07-15 11:00,2.5,22.5,191.6,2,98,KMA AWS/ASOS,OBSERVATION,VERIFIED
977,오창가곡,2023-07-15 12:00,2.9,23.4,201.5,3.8,98,KMA AWS/ASOS,OBSERVATION,VERIFIED
977,오창가곡,2023-07-15 13:00,13,23.3,167.1,1.9,98,KMA AWS/ASOS,OBSERVATION,VERIFIED
977,오창가곡,2023-07-15 14:00,18.4,23.2,164.1,1.1,98,KMA AWS/ASOS,OBSERVATION,VERIFIED
977,오창가곡,2023-07-15 15:00,9.4,23.2,153.3,3.2,98,KMA AWS/ASOS,OBSERVATION,VERIFIED
977,오창가곡,2023-07-15 16:00,3.2,24.2,217.7,5,98,KMA AWS/ASOS,OBSERVATION,VERIFIED
977,오창가곡,2023-07-15 17:00,2.4,22.5,154.7,2,98,KMA AWS/ASOS,OBSERVATION,VERIFIED
977,오창가곡,2023-07-15 18:00,.2,22.3,154.9,1.6,98,KMA AWS/ASOS,OBSERVATION,VERIFIED
977,오창가곡,2023-07-15 19:00,0,22.9,295.3,1.2,98,KMA AWS/ASOS,OBSERVATION,VERIFIED
977,오창가곡,2023-07-15 20:00,0,23.3,214.3,1.3,98,KMA AWS/ASOS,OBSERVATION,VERIFIED
977,오창가곡,2023-07-15 21:00,0,23.2,185,1.9,98,KMA AWS/ASOS,OBSERVATION,VERIFIED
977,오창가곡,2023-07-15 22:00,0,23.2,229.4,1.9,98,KMA AWS/ASOS,OBSERVATION,VERIFIED
977,오창가곡,2023-07-15 23:00,0,22.8,0,.4,98,KMA AWS/ASOS,OBSERVATION,VERIFIED
977,오창가곡,2023-07-16 00:00,0,22.6,0,0,98,KMA AWS/ASOS,OBSERVATION,VERIFIED
977,오창가곡,2023-07-16 01:00,0,22.6,0,0,98,KMA AWS/ASOS,OBSERVATION,VERIFIED
977,오창가곡,2023-07-16 02:00,0,22.5,0,.1,98,KMA AWS/ASOS,OBSERVATION,VERIFIED
977,오창가곡,2023-07-16 03:00,0,22.6,0,0,98,KMA AWS/ASOS,OBSERVATION,VERIFIED
977,오창가곡,2023-07-16 04:00,0,22.6,0,0,98,KMA AWS/ASOS,OBSERVATION,VERIFIED
977,오창가곡,2023-07-16 05:00,0,22.8,0,0,98,KMA AWS/ASOS,OBSERVATION,VERIFIED
977,오창가곡,2023-07-16 06:00,0,23,250.7,1.2,98,KMA AWS/ASOS,OBSERVATION,VERIFIED
977,오창가곡,2023-07-16 07:00,.1,23.1,132.9,.7,98,KMA AWS/ASOS,OBSERVATION,VERIFIED
977,오창가곡,2023-07-16 08:00,.6,23.4,0,0,98,KMA AWS/ASOS,OBSERVATION,VERIFIED
977,오창가곡,2023-07-16 09:00,.1,24.3,224.8,1,98,KMA AWS/ASOS,OBSERVATION,VERIFIED
977,오창가곡,2023-07-16 10:00,.1,25,174.4,2.4,98,KMA AWS/ASOS,OBSERVATION,VERIFIED
977,오창가곡,2023-07-16 11:00,.1,25.1,228.8,2.2,98,KMA AWS/ASOS,OBSERVATION,VERIFIED
977,오창가곡,2023-07-16 12:00,0,25.1,222.5,2.7,98,KMA AWS/ASOS,OBSERVATION,VERIFIED
977,오창가곡,2023-07-16 13:00,0,25.7,229.2,3.1,98,KMA AWS/ASOS,OBSERVATION,VERIFIED
977,오창가곡,2023-07-16 14:00,.1,25.9,224.5,2.5,98,KMA AWS/ASOS,OBSERVATION,VERIFIED
977,오창가곡,2023-07-16 15:00,0,26.7,234.6,2.7,98,KMA AWS/ASOS,OBSERVATION,VERIFIED
977,오창가곡,2023-07-16 16:00,0,26.9,217.9,2.8,82,KMA AWS/ASOS,OBSERVATION,VERIFIED
977,오창가곡,2023-07-16 17:00,0,27.5,233,2.9,78,KMA AWS/ASOS,OBSERVATION,VERIFIED
977,오창가곡,2023-07-16 18:00,0,27.4,273.4,2,75,KMA AWS/ASOS,OBSERVATION,VERIFIED
977,오창가곡,2023-07-16 19:00,0,26.4,279.8,1,82,KMA AWS/ASOS,OBSERVATION,VERIFIED
977,오창가곡,2023-07-16 20:00,0,25.1,25.7,.6,98,KMA AWS/ASOS,OBSERVATION,VERIFIED
977,오창가곡,2023-07-16 21:00,0,24.6,0,0,98,KMA AWS/ASOS,OBSERVATION,VERIFIED
977,오창가곡,2023-07-16 22:00,0,24.2,0,0,98,KMA AWS/ASOS,OBSERVATION,VERIFIED
977,오창가곡,2023-07-16 23:00,0,24.1,6.1,.9,98,KMA AWS/ASOS,OBSERVATION,VERIFIED
977,오창가곡,2023-07-17 00:00,0,23.6,0,.3,98,KMA AWS/ASOS,OBSERVATION,VERIFIED
