"C행정구역(동읍면)별","행정구역(동읍면)별","C5세별","5세별","시점","총인구수 (명)","남자인구수 (명)","여자인구수 (명)"
'4311325000,"   오송읍",'0,"계",202301,24653.0000,12281.0000,12372.0000
'4311325000,"   오송읍",'0,"계",202302,24678.0000,12310.0000,12368.0000
'4311325000,"   오송읍",'0,"계",202303,24718.0000,12340.0000,12378.0000
'4311325000,"   오송읍",'0,"계",202304,24792.0000,12371.0000,12421.0000
'4311325000,"   오송읍",'0,"계",202305,24882.0000,12415.0000,12467.0000
'4311325000,"   오송읍",'0,"계",202306,25635.0000,12825.0000,12810.0000
'4311325000,"   오송읍",'0,"계",202307,27125.0000,13647.0000,13478.0000
'4311325000,"   오송읍",'0,"계",202308,29278.0000,14812.0000,14466.0000
'4311325000,"   오송읍",'0,"계",202309,30307.0000,15324.0000,14983.0000
'4311325000,"   오송읍",'0,"계",202310,30928.0000,15631.0000,15297.0000
'4311325000,"   오송읍",'0,"계",202311,31306.0000,15823.0000,15483.0000
'4311325000,"   오송읍",'0,"계",202312,31586.0000,15948.0000,15638.0000
'4311325000,"   오송읍",'5,"0 - 4세",202301,834.0000,444.0000,390.0000
'4311325000,"   오송읍",'5,"0 - 4세",202302,829.0000,438.0000,391.0000
'4311325000,"   오송읍",'5,"0 - 4세",202303,832.0000,444.0000,388.0000
'4311325000,"   오송읍",'5,"0 - 4세",202304,829.0000,443.0000,386.0000
'4311325000,"   오송읍",'5,"0 - 4세",202305,829.0000,437.0000,392.0000
'4311325000,"   오송읍",'5,"0 - 4세",202306,856.0000,451.0000,405.0000
'4311325000,"   오송읍",'5,"0 - 4세",202307,954.0000,503.0000,451.0000
'4311325000,"   오송읍",'5,"0 - 4세",202308,1162.0000,616.0000,546.0000
'4311325000,"   오송읍",'5,"0 - 4세",202309,1239.0000,651.0000,588.0000
'4311325000,"   오송읍",'5,"0 - 4세",202310,1276.0000,668.0000,608.0000
'4311325000,"   오송읍",'5,"0 - 4세",202311,1303.0000,678.0000,625.0000
'4311325000,"   오송읍",'5,"0 - 4세",202312,1318.0000,689.0000,629.0000
'4311325000,"   오송읍",'10,"5 - 9세",202301,1159.0000,601.0000,558.0000
'4311325000,"   오송읍",'10,"5 - 9세",202302,1156.0000,599.0000,557.0000
'4311325000,"   오송읍",'10,"5 - 9세",202303,1141.0000,590.0000,551.0000
'4311325000,"   오송읍",'10,"5 - 9세",202304,1141.0000,593.0000,548.0000
'4311325000,"   오송읍",'10,"5 - 9세",202305,1150.0000,597.0000,553.0000
'4311325000,"   오송읍",'10,"5 - 9세",202306,1160.0000,601.0000,559.0000
'4311325000,"   오송읍",'10,"5 - 9세",202307,1193.0000,613.0000,580.0000
'4311325000,"   오송읍",'10,"5 - 9세",202308,1239.0000,640.0000,599.0000
'4311325000,"   오송읍",'10,"5 - 9세",202309,1284.0000,663.0000,621.0000
'4311325000,"   오송읍",'10,"5 - 9세",202310,1290.0000,670.0000,620.0000
'4311325000,"   오송읍",'10,"5 - 9세",202311,1306.0000,682.0000,624.0000
'4311325000,"   오송읍",'10,"5 - 9세",202312,1322.0000,692.0000,630.0000
'4311325000,"   오송읍",'15,"10 - 14세",202301,1326.0000,665.0000,661.0000
'4311325000,"   오송읍",'15,"10 - 14세",202302,1307.0000,661.0000,646.0000
'4311325000,"   오송읍",'15,"10 - 14세",202303,1304.0000,657.0000,647.0000
'4311325000,"   오송읍",'15,"10 - 14세",202304,1317.0000,663.0000,654.0000
'4311325000,"   오송읍",'15,"10 - 14세",202305,1312.0000,663.0000,649.0000
'4311325000,"   오송읍",'15,"10 - 14세",202306,1328.0000,674.0000,654.0000
'4311325000,"   오송읍",'15,"10 - 14세",202307,1351.0000,680.0000,671.0000
'4311325000,"   오송읍",'15,"10 - 14세",202308,1378.0000,689.0000,689.0000
'4311325000,"   오송읍",'15,"10 - 14세",202309,1363.0000,682.0000,681.0000
'4311325000,"   오송읍",'15,"10 - 14세",202310,1364.0000,679.0000,685.0000
'4311325000,"   오송읍",'15,"10 - 14세",202311,1359.0000,678.0000,681.0000
'4311325000,"   오송읍",'15,"10 - 14세",202312,1361.0000,679.0000,682.0000
'4311325000,"   오송읍",'20,"15 - 19세",202301,1118.0000,574.0000,544.0000
'4311325000,"   오송읍",'20,"15 - 19세",202302,1133.0000,577.0000,556.0000
'4311325000,"   오송읍",'20,"15 - 19세",202303,1133.0000,584.0000,549.0000
'4311325000,"   오송읍",'20,"15 - 19세",202304,1126.0000,579.0000,547.0000
'4311325000,"   오송읍",'20,"15 - 19세",202305,1134.0000,580.0000,554.0000
'4311325000,"   오송읍",'20,"15 - 19세",202306,1152.0000,589.0000,563.0000
'4311325000,"   오송읍",'20,"15 - 19세",202307,1180.0000,601.0000,579.0000
'4311325000,"   오송읍",'20,"15 - 19세",202308,1200.0000,610.0000,590.0000
'4311325000,"   오송읍",'20,"15 - 19세",202309,1234.0000,629.0000,605.0000
'4311325000,"   오송읍",'20,"15 - 19세",202310,1252.0000,634.0000,618.0000
'4311325000,"   오송읍",'20,"15 - 19세",202311,1266.0000,643.0000,623.0000
'4311325000,"   오송읍",'20,"15 - 19세",202312,1283.0000,645.0000,638.0000
'4311325000,"   오송읍",'25,"20 - 24세",202301,1172.0000,563.0000,609.0000
'4311325000,"   오송읍",'25,"20 - 24세",202302,1170.0000,569.0000,601.0000
'4311325000,"   오송읍",'25,"20 - 24세",202303,1169.0000,571.0000,598.0000
'4311325000,"   오송읍",'25,"20 - 24세",202304,1176.0000,574.0000,602.0000
'4311325000,"   오송읍",'25,"20 - 24세",202305,1187.0000,575.0000,612.0000
'4311325000,"   오송읍",'25,"20 - 24세",202306,1210.0000,588.0000,622.0000
'4311325000,"   오송읍",'25,"20 - 24세",202307,1238.0000,605.0000,633.0000
'4311325000,"   오송읍",'25,"20 - 24세",202308,1287.0000,635.0000,652.0000
'4311325000,"   오송읍",'25,"20 - 24세",202309,1323.0000,655.0000,668.0000
'4311325000,"   오송읍",'25,"20 - 24세",202310,1346.0000,666.0000,680.0000
'4311325000,"   오송읍",'25,"20 - 24세",202311,1347.0000,678.0000,669.0000
'4311325000,"   오송읍",'25,"20 - 24세",202312,1356.0000,688.0000,668.0000
'4311325000,"   오송읍",'30,"25 - 29세",202301,2293.0000,1096.0000,1197.0000
'4311325000,"   오송읍",'30,"25 - 29세",202302,2278.0000,1101.0000,1177.0000
'4311325000,"   오송읍",'30,"25 - 29세",202303,2279.0000,1093.0000,1186.0000
'4311325000,"   오송읍",'30,"25 - 29세",202304,2285.0000,1095.0000,1190.0000
'4311325000,"   오송읍",'30,"25 - 29세",202305,2298.0000,1107.0000,1191.0000
'4311325000,"   오송읍",'30,"25 - 29세",202306,2419.0000,1167.0000,1252.0000
'4311325000,"   오송읍",'30,"25 - 29세",202307,2613.0000,1279.0000,1334.0000
'4311325000,"   오송읍",'30,"25 - 29세",202308,2855.0000,1389.0000,1466.0000
'4311325000,"   오송읍",'30,"25 - 29세",202309,2978.0000,1448.0000,1530.0000
'4311325000,"   오송읍",'30,"25 - 29세",202310,3064.0000,1482.0000,1582.0000
'4311325000,"   오송읍",'30,"25 - 29세",202311,3099.0000,1481.0000,1618.0000
'4311325000,"   오송읍",'30,"25 - 29세",202312,3118.0000,1479.0000,1639.0000
'4311325000,"   오송읍",'35,"30 - 34세",202301,2156.0000,1122.0000,1034.0000
'4311325000,"   오송읍",'35,"30 - 34세",202302,2160.0000,1130.0000,1030.0000
'4311325000,"   오송읍",'35,"30 - 34세",202303,2203.0000,1162.0000,1041.0000
'4311325000,"   오송읍",'35,"30 - 34세",202304,2231.0000,1176.0000,1055.0000
'4311325000,"   오송읍",'35,"30 - 34세",202305,2244.0000,1183.0000,1061.0000
'4311325000,"   오송읍",'35,"30 - 34세",202306,2410.0000,1282.0000,1128.0000
'4311325000,"   오송읍",'35,"30 - 34세",202307,2819.0000,1541.0000,1278.0000
'4311325000,"   오송읍",'35,"30 - 34세",202308,3387.0000,1870.0000,1517.0000
'4311325000,"   오송읍",'35,"30 - 34세",202309,3636.0000,1989.0000,1647.0000
'4311325000,"   오송읍",'35,"30 - 34세",202310,3770.0000,2065.0000,1705.0000
'4311325000,"   오송읍",'35,"30 - 34세",202311,3855.0000,2117.0000,1738.0000
'4311325000,"   오송읍",'35,"30 - 34세",202312,3912.0000,2143.0000,1769.0000
'4311325000,"   오송읍",'40,"35 - 39세",202301,1884.0000,949.0000,935.0000
'4311325000,"   오송읍",'40,"35 - 39세",202302,1883.0000,939.0000,944.0000
'4311325000,"   오송읍",'40,"35 - 39세",202303,1872.0000,929.0000,943.0000
'4311325000,"   오송읍",'40,"35 - 39세",202304,1878.0000,929.0000,949.0000
'4311325000,"   오송읍",'40,"35 - 39세",202305,1876.0000,932.0000,944.0000
'4311325000,"   오송읍",'40,"35 - 39세",202306,1954.0000,987.0000,967.0000
'4311325000,"   오송읍",'40,"35 - 39세",202307,2189.0000,1124.0000,1065.0000
'4311325000,"   오송읍",'40,"35 - 39세",202308,2528.0000,1347.0000,1181.0000
'4311325000,"   오송읍",'40,"35 - 39세",202309,2694.0000,1446.0000,1248.0000
'4311325000,"   오송읍",'40,"35 - 39세",202310,2793.0000,1511.0000,1282.0000
'4311325000,"   오송읍",'40,"35 - 39세",202311,2849.0000,1539.0000,1310.0000
'4311325000,"   오송읍",'40,"35 - 39세",202312,2870.0000,1557.0000,1313.0000
'4311325000,"   오송읍",'45,"40 - 44세",202301,2203.0000,1120.0000,1083.0000
'4311325000,"   오송읍",'45,"40 - 44세",202302,2205.0000,1120.0000,1085.0000
'4311325000,"   오송읍",'45,"40 - 44세",202303,2201.0000,1120.0000,1081.0000
'4311325000,"   오송읍",'45,"40 - 44세",202304,2198.0000,1120.0000,1078.0000
'4311325000,"   오송읍",'45,"40 - 44세",202305,2209.0000,1122.0000,1087.0000
'4311325000,"   오송읍",'45,"40 - 44세",202306,2250.0000,1148.0000,1102.0000
'4311325000,"   오송읍",'45,"40 - 44세",202307,2369.0000,1220.0000,1149.0000
'4311325000,"   오송읍",'45,"40 - 44세",202308,2552.0000,1330.0000,1222.0000
'4311325000,"   오송읍",'45,"40 - 44세",202309,2645.0000,1378.0000,1267.0000
'4311325000,"   오송읍",'45,"40 - 44세",202310,2676.0000,1392.0000,1284.0000
'4311325000,"   오송읍",'45,"40 - 44세",202311,2699.0000,1409.0000,1290.0000
'4311325000,"   오송읍",'45,"40 - 44세",202312,2733.0000,1426.0000,1307.0000
'4311325000,"   오송읍",'50,"45 - 49세",202301,2038.0000,1063.0000,975.0000
'4311325000,"   오송읍",'50,"45 - 49세",202302,2029.0000,1064.0000,965.0000
'4311325000,"   오송읍",'50,"45 - 49세",202303,2033.0000,1071.0000,962.0000
'4311325000,"   오송읍",'50,"45 - 49세",202304,2032.0000,1064.0000,968.0000
'4311325000,"   오송읍",'50,"45 - 49세",202305,2027.0000,1061.0000,966.0000
'4311325000,"   오송읍",'50,"45 - 49세",202306,2073.0000,1090.0000,983.0000
'4311325000,"   오송읍",'50,"45 - 49세",202307,2145.0000,1127.0000,1018.0000
'4311325000,"   오송읍",'50,"45 - 49세",202308,2231.0000,1164.0000,1067.0000
'4311325000,"   오송읍",'50,"45 - 49세",202309,2265.0000,1181.0000,1084.0000
'4311325000,"   오송읍",'50,"45 - 49세",202310,2301.0000,1198.0000,1103.0000
'4311325000,"   오송읍",'50,"45 - 49세",202311,2320.0000,1199.0000,1121.0000
'4311325000,"   오송읍",'50,"45 - 49세",202312,2330.0000,1194.0000,1136.0000
'4311325000,"   오송읍",'55,"50 - 54세",202301,1925.0000,990.0000,935.0000
'4311325000,"   오송읍",'55,"50 - 54세",202302,1943.0000,994.0000,949.0000
'4311325000,"   오송읍",'55,"50 - 54세",202303,1938.0000,994.0000,944.0000
'4311325000,"   오송읍",'55,"50 - 54세",202304,1952.0000,1000.0000,952.0000
'4311325000,"   오송읍",'55,"50 - 54세",202305,1972.0000,1014.0000,958.0000
'4311325000,"   오송읍",'55,"50 - 54세",202306,2036.0000,1038.0000,998.0000
'4311325000,"   오송읍",'55,"50 - 54세",202307,2096.0000,1061.0000,1035.0000
'4311325000,"   오송읍",'55,"50 - 54세",202308,2198.0000,1108.0000,1090.0000
'4311325000,"   오송읍",'55,"50 - 54세",202309,2241.0000,1124.0000,1117.0000
'4311325000,"   오송읍",'55,"50 - 54세",202310,2278.0000,1145.0000,1133.0000
'4311325000,"   오송읍",'55,"50 - 54세",202311,2318.0000,1171.0000,1147.0000
'4311325000,"   오송읍",'55,"50 - 54세",202312,2349.0000,1186.0000,1163.0000
'4311325000,"   오송읍",'60,"55 - 59세",202301,1520.0000,790.0000,730.0000
'4311325000,"   오송읍",'60,"55 - 59세",202302,1534.0000,801.0000,733.0000
'4311325000,"   오송읍",'60,"55 - 59세",202303,1535.0000,797.0000,738.0000
'4311325000,"   오송읍",'60,"55 - 59세",202304,1537.0000,798.0000,739.0000
'4311325000,"   오송읍",'60,"55 - 59세",202305,1546.0000,797.0000,749.0000
'4311325000,"   오송읍",'60,"55 - 59세",202306,1608.0000,828.0000,780.0000
'4311325000,"   오송읍",'60,"55 - 59세",202307,1692.0000,870.0000,822.0000
'4311325000,"   오송읍",'60,"55 - 59세",202308,1791.0000,907.0000,884.0000
'4311325000,"   오송읍",'60,"55 - 59세",202309,1838.0000,928.0000,910.0000
'4311325000,"   오송읍",'60,"55 - 59세",202310,1892.0000,946.0000,946.0000
'4311325000,"   오송읍",'60,"55 - 59세",202311,1924.0000,959.0000,965.0000
'4311325000,"   오송읍",'60,"55 - 59세",202312,1954.0000,981.0000,973.0000
'4311325000,"   오송읍",'65,"60 - 64세",202301,1640.0000,822.0000,818.0000
'4311325000,"   오송읍",'65,"60 - 64세",202302,1646.0000,828.0000,818.0000
'4311325000,"   오송읍",'65,"60 - 64세",202303,1660.0000,833.0000,827.0000
'4311325000,"   오송읍",'65,"60 - 64세",202304,1659.0000,829.0000,830.0000
'4311325000,"   오송읍",'65,"60 - 64세",202305,1635.0000,815.0000,820.0000
'4311325000,"   오송읍",'65,"60 - 64세",202306,1667.0000,824.0000,843.0000
'4311325000,"   오송읍",'65,"60 - 64세",202307,1723.0000,851.0000,872.0000
'4311325000,"   오송읍",'65,"60 - 64세",202308,1800.0000,887.0000,913.0000
'4311325000,"   오송읍",'65,"60 - 64세",202309,1840.0000,905.0000,935.0000
'4311325000,"   오송읍",'65,"60 - 64세",202310,1861.0000,917.0000,944.0000
'4311325000,"   오송읍",'65,"60 - 64세",202311,1865.0000,922.0000,943.0000
'4311325000,"   오송읍",'65,"60 - 64세",202312,1853.0000,922.0000,931.0000
'4311325000,"   오송읍",'70,"65 - 69세",202301,1194.0000,600.0000,594.0000
'4311325000,"   오송읍",'70,"65 - 69세",202302,1208.0000,602.0000,606.0000
'4311325000,"   오송읍",'70,"65 - 69세",202303,1214.0000,603.0000,611.0000
'4311325000,"   오송읍",'70,"65 - 69세",202304,1232.0000,620.0000,612.0000
'4311325000,"   오송읍",'70,"65 - 69세",202305,1234.0000,630.0000,604.0000
'4311325000,"   오송읍",'70,"65 - 69세",202306,1262.0000,642.0000,620.0000
'4311325000,"   오송읍",'70,"65 - 69세",202307,1295.0000,650.0000,645.0000
'4311325000,"   오송읍",'70,"65 - 69세",202308,1358.0000,677.0000,681.0000
'4311325000,"   오송읍",'70,"65 - 69세",202309,1377.0000,682.0000,695.0000
'4311325000,"   오송읍",'70,"65 - 69세",202310,1407.0000,693.0000,714.0000
'4311325000,"   오송읍",'70,"65 - 69세",202311,1422.0000,696.0000,726.0000
'4311325000,"   오송읍",'70,"65 - 69세",202312,1446.0000,697.0000,749.0000
'4311325000,"   오송읍",'75,"70 - 74세",202301,742.0000,336.0000,406.0000
'4311325000,"   오송읍",'75,"70 - 74세",202302,739.0000,336.0000,403.0000
'4311325000,"   오송읍",'75,"70 - 74세",202303,734.0000,330.0000,404.0000
'4311325000,"   오송읍",'75,"70 - 74세",202304,730.0000,330.0000,400.0000
'4311325000,"   오송읍",'75,"70 - 74세",202305,749.0000,338.0000,411.0000
'4311325000,"   오송읍",'75,"70 - 74세",202306,762.0000,347.0000,415.0000
'4311325000,"   오송읍",'75,"70 - 74세",202307,776.0000,355.0000,421.0000
'4311325000,"   오송읍",'75,"70 - 74세",202308,796.0000,364.0000,432.0000
'4311325000,"   오송읍",'75,"70 - 74세",202309,821.0000,379.0000,442.0000
'4311325000,"   오송읍",'75,"70 - 74세",202310,829.0000,378.0000,451.0000
'4311325000,"   오송읍",'75,"70 - 74세",202311,833.0000,383.0000,450.0000
'4311325000,"   오송읍",'75,"70 - 74세",202312,843.0000,382.0000,461.0000
'4311325000,"   오송읍",'80,"75 - 79세",202301,575.0000,259.0000,316.0000
'4311325000,"   오송읍",'80,"75 - 79세",202302,571.0000,260.0000,311.0000
'4311325000,"   오송읍",'80,"75 - 79세",202303,570.0000,267.0000,303.0000
'4311325000,"   오송읍",'80,"75 - 79세",202304,568.0000,263.0000,305.0000
'4311325000,"   오송읍",'80,"75 - 79세",202305,565.0000,262.0000,303.0000
'4311325000,"   오송읍",'80,"75 - 79세",202306,573.0000,267.0000,306.0000
'4311325000,"   오송읍",'80,"75 - 79세",202307,574.0000,267.0000,307.0000
'4311325000,"   오송읍",'80,"75 - 79세",202308,583.0000,270.0000,313.0000
'4311325000,"   오송읍",'80,"75 - 79세",202309,586.0000,272.0000,314.0000
'4311325000,"   오송읍",'80,"75 - 79세",202310,587.0000,273.0000,314.0000
'4311325000,"   오송읍",'80,"75 - 79세",202311,603.0000,276.0000,327.0000
'4311325000,"   오송읍",'80,"75 - 79세",202312,601.0000,280.0000,321.0000
'4311325000,"   오송읍",'85,"80 - 84세",202301,480.0000,182.0000,298.0000
'4311325000,"   오송읍",'85,"80 - 84세",202302,487.0000,182.0000,305.0000
'4311325000,"   오송읍",'85,"80 - 84세",202303,494.0000,185.0000,309.0000
'4311325000,"   오송읍",'85,"80 - 84세",202304,492.0000,185.0000,307.0000
'4311325000,"   오송읍",'85,"80 - 84세",202305,505.0000,190.0000,315.0000
'4311325000,"   오송읍",'85,"80 - 84세",202306,508.0000,189.0000,319.0000
'4311325000,"   오송읍",'85,"80 - 84세",202307,511.0000,189.0000,322.0000
'4311325000,"   오송읍",'85,"80 - 84세",202308,523.0000,199.0000,324.0000
'4311325000,"   오송읍",'85,"80 - 84세",202309,526.0000,200.0000,326.0000
'4311325000,"   오송읍",'85,"80 - 84세",202310,526.0000,202.0000,324.0000
'4311325000,"   오송읍",'85,"80 - 84세",202311,518.0000,200.0000,318.0000
'4311325000,"   오송읍",'85,"80 - 84세",202312,508.0000,193.0000,315.0000
'4311325000,"   오송읍",'90,"85 - 89세",202301,272.0000,75.0000,197.0000
'4311325000,"   오송읍",'90,"85 - 89세",202302,277.0000,79.0000,198.0000
'4311325000,"   오송읍",'90,"85 - 89세",202303,286.0000,81.0000,205.0000
'4311325000,"   오송읍",'90,"85 - 89세",202304,288.0000,82.0000,206.0000
'4311325000,"   오송읍",'90,"85 - 89세",202305,287.0000,83.0000,204.0000
'4311325000,"   오송읍",'90,"85 - 89세",202306,280.0000,83.0000,197.0000
'4311325000,"   오송읍",'90,"85 - 89세",202307,282.0000,83.0000,199.0000
'4311325000,"   오송읍",'90,"85 - 89세",202308,283.0000,83.0000,200.0000
'4311325000,"   오송읍",'90,"85 - 89세",202309,288.0000,86.0000,202.0000
'4311325000,"   오송읍",'90,"85 - 89세",202310,289.0000,86.0000,203.0000
'4311325000,"   오송읍",'90,"85 - 89세",202311,291.0000,86.0000,205.0000
'4311325000,"   오송읍",'90,"85 - 89세",202312,298.0000,88.0000,210.0000
'4311325000,"   오송읍",'95,"90 - 94세",202301,102.0000,25.0000,77.0000
'4311325000,"   오송읍",'95,"90 - 94세",202302,100.0000,24.0000,76.0000
'4311325000,"   오송읍",'95,"90 - 94세",202303,96.0000,24.0000,72.0000
'4311325000,"   오송읍",'95,"90 - 94세",202304,97.0000,23.0000,74.0000
'4311325000,"   오송읍",'95,"90 - 94세",202305,99.0000,24.0000,75.0000
'4311325000,"   오송읍",'95,"90 - 94세",202306,101.0000,24.0000,77.0000
'4311325000,"   오송읍",'95,"90 - 94세",202307,101.0000,23.0000,78.0000
'4311325000,"   오송읍",'95,"90 - 94세",202308,104.0000,23.0000,81.0000
'4311325000,"   오송읍",'95,"90 - 94세",202309,105.0000,22.0000,83.0000
'4311325000,"   오송읍",'95,"90 - 94세",202310,102.0000,22.0000,80.0000
'4311325000,"   오송읍",'95,"90 - 94세",202311,102.0000,22.0000,80.0000
'4311325000,"   오송읍",'95,"90 - 94세",202312,103.0000,22.0000,81.0000
'4311325000,"   오송읍",'100,"95 - 99세",202301,18.0000,4.0000,14.0000
'4311325000,"   오송읍",'100,"95 - 99세",202302,22.0000,5.0000,17.0000
'4311325000,"   오송읍",'100,"95 - 99세",202303,23.0000,4.0000,19.0000
'4311325000,"   오송읍",'100,"95 - 99세",202304,23.0000,4.0000,19.0000
'4311325000,"   오송읍",'100,"95 - 99세",202305,23.0000,4.0000,19.0000
'4311325000,"   오송읍",'100,"95 - 99세",202306,24.0000,4.0000,20.0000
'4311325000,"   오송읍",'100,"95 - 99세",202307,23.0000,4.0000,19.0000
'4311325000,"   오송읍",'100,"95 - 99세",202308,22.0000,3.0000,19.0000
'4311325000,"   오송읍",'100,"95 - 99세",202309,23.0000,3.0000,20.0000
'4311325000,"   오송읍",'100,"95 - 99세",202310,24.0000,3.0000,21.0000
'4311325000,"   오송읍",'100,"95 - 99세",202311,26.0000,3.0000,23.0000
'4311325000,"   오송읍",'100,"95 - 99세",202312,27.0000,4.0000,23.0000
'4311325000,"   오송읍",'105,"100+",202301,2.0000,1.0000,1.0000
'4311325000,"   오송읍",'105,"100+",202302,1.0000,1.0000,0.0000
'4311325000,"   오송읍",'105,"100+",202303,1.0000,1.0000,0.0000
'4311325000,"   오송읍",'105,"100+",202304,1.0000,1.0000,0.0000
'4311325000,"   오송읍",'105,"100+",202305,1.0000,1.0000,0.0000
'4311325000,"   오송읍",'105,"100+",202306,2.0000,2.0000,0.0000
'4311325000,"   오송읍",'105,"100+",202307,1.0000,1.0000,0.0000
'4311325000,"   오송읍",'105,"100+",202308,1.0000,1.0000,0.0000
'4311325000,"   오송읍",'105,"100+",202309,1.0000,1.0000,0.0000
'4311325000,"   오송읍",'105,"100+",202310,1.0000,1.0000,0.0000
'4311325000,"   오송읍",'105,"100+",202311,1.0000,1.0000,0.0000
'4311325000,"   오송읍",'105,"100+",202312,1.0000,1.0000,0.0000
